notif_id,user_id,type,message,created_at,is_read
1,29,info,A new roadmap has been added to your dashboard.,2025-04-08 13:25:15,1
2,63,alert,Your session expired. Please log in again.,2023-03-17 19:56:23,1
3,2,reminder,You have unfinished steps waiting for you.,2024-09-06 21:00:29,1
4,58,system,New privacy policy updates are available.,2025-07-15 09:17:23,0
5,31,alert,Your session expired. Please log in again.,2025-08-04 17:17:43,0
6,3,alert,Error loading your roadmap. Try again later.,2024-03-19 18:09:09,0
7,16,system,New privacy policy updates are available.,2023-03-01 23:38:06,1
8,34,system,Your account settings were changed.,2023-04-23 08:13:25,0
9,86,system,New privacy policy updates are available.,2023-10-11 11:35:16,1
10,49,alert,Unusual login detected. Please verify your account.,2024-09-09 22:18:55,1
11,56,achievement,Congratulations! You completed a roadmap step.,2024-11-18 06:03:49,1
12,58,system,System update applied successfully.,2025-10-08 13:43:29,1
13,77,reminder,It’s time to continue your learning streak!,2025-09-05 17:47:47,0
14,53,system,Your account settings were changed.,2025-06-11 06:46:43,0
15,71,alert,Your session expired. Please log in again.,2024-03-23 09:07:21,0
16,98,alert,Your session expired. Please log in again.,2025-07-10 14:21:53,1
17,63,reminder,It’s time to continue your learning streak!,2023-03-24 00:18:05,1
18,44,alert,Your session expired. Please log in again.,2024-10-28 06:02:23,0
19,59,reminder,Keep your momentum going—complete your roadmap today.,2025-03-21 03:31:06,1
20,84,alert,Your session expired. Please log in again.,2023-04-22 13:50:20,1
21,73,info,A new roadmap has been added to your dashboard.,2023-12-30 13:16:32,0
22,46,info,Your roadmap has been updated with new steps.,2024-01-15 18:56:26,1
23,11,system,New privacy policy updates are available.,2024-01-25 09:02:45,1
24,15,achievement,You’ve earned a new badge for consistency.,2024-02-18 23:45:59,1
25,84,info,A new feature has been released! Check it out.,2023-04-26 21:34:45,1
26,1,reminder,Keep your momentum going—complete your roadmap today.,2023-07-25 02:59:08,0
27,66,alert,Error loading your roadmap. Try again later.,2025-01-28 21:53:13,1
28,57,achievement,You’ve earned a new badge for consistency.,2023-01-26 01:54:28,0
29,34,reminder,Don’t forget to complete your pending steps today.,2023-01-09 23:03:10,0
30,93,reminder,Keep your momentum going—complete your roadmap today.,2024-05-28 02:16:38,0
31,29,alert,Your session expired. Please log in again.,2024-06-19 06:37:48,0
32,89,alert,Unusual login detected. Please verify your account.,2025-08-16 19:11:32,1
33,51,alert,Unusual login detected. Please verify your account.,2024-11-01 06:46:05,1
34,25,achievement,Amazing work! You finished the entire roadmap.,2023-10-14 03:03:08,0
35,87,achievement,Your roadmap completion just hit 50%!,2023-08-13 18:25:36,0
36,72,reminder,Don’t forget to complete your pending steps today.,2025-08-04 08:20:32,1
37,52,achievement,Amazing work! You finished the entire roadmap.,2025-01-25 02:41:00,1
38,34,info,Your roadmap has been updated with new steps.,2023-05-26 03:28:43,1
39,10,system,System update applied successfully.,2023-05-12 22:24:40,0
40,35,reminder,It’s time to continue your learning streak!,2024-02-24 02:18:38,1
41,100,achievement,Your roadmap completion just hit 50%!,2024-06-13 10:40:26,1
42,5,alert,Unusual login detected. Please verify your account.,2023-12-03 15:38:06,1
43,3,info,Weekly summary is now available.,2023-06-02 20:47:52,0
44,38,info,A new roadmap has been added to your dashboard.,2023-03-09 04:28:25,0
45,77,reminder,It’s time to continue your learning streak!,2023-12-28 19:18:45,1
46,26,system,New privacy policy updates are available.,2023-02-24 04:58:41,1
47,45,achievement,Your roadmap completion just hit 50%!,2023-06-04 02:39:21,1
48,26,info,A new roadmap has been added to your dashboard.,2024-08-20 12:58:03,1
49,34,achievement,You’ve earned a new badge for consistency.,2023-11-23 00:24:41,1
50,53,reminder,It’s time to continue your learning streak!,2023-05-26 07:05:29,0
51,15,system,Your account settings were changed.,2023-05-26 10:47:19,1
52,32,info,A new roadmap has been added to your dashboard.,2023-11-22 07:49:08,1
53,76,info,Your roadmap has been updated with new steps.,2023-12-11 03:06:23,1
54,58,achievement,Congratulations! You completed a roadmap step.,2024-11-13 00:51:14,0
55,11,achievement,Amazing work! You finished the entire roadmap.,2023-09-10 22:19:35,1
56,65,achievement,Congratulations! You completed a roadmap step.,2024-06-11 00:23:30,0
57,5,info,A new roadmap has been added to your dashboard.,2023-11-06 14:41:42,1
58,78,alert,Error loading your roadmap. Try again later.,2024-09-20 14:38:23,1
59,48,alert,Important: Your account will be reviewed soon.,2023-12-05 00:52:03,0
60,15,achievement,Your roadmap completion just hit 50%!,2023-01-02 14:59:58,0
61,16,achievement,Amazing work! You finished the entire roadmap.,2025-04-10 15:10:29,1
62,49,achievement,Amazing work! You finished the entire roadmap.,2025-04-24 18:39:28,0
63,49,reminder,It’s time to continue your learning streak!,2025-03-11 21:22:47,0
64,54,alert,Error loading your roadmap. Try again later.,2025-07-26 15:10:28,1
65,68,info,A new feature has been released! Check it out.,2023-10-17 16:13:36,0
66,7,info,A new feature has been released! Check it out.,2024-10-30 16:39:41,1
67,59,info,A new roadmap has been added to your dashboard.,2025-01-23 13:26:05,0
68,70,reminder,It’s time to continue your learning streak!,2023-12-22 17:24:24,0
69,59,system,Scheduled maintenance will occur tonight.,2024-04-14 04:59:13,1
70,63,achievement,Amazing work! You finished the entire roadmap.,2024-05-14 09:44:35,1
71,75,achievement,Amazing work! You finished the entire roadmap.,2025-01-19 03:06:00,1
72,1,info,A new feature has been released! Check it out.,2025-07-13 04:47:14,1
73,30,achievement,You’ve earned a new badge for consistency.,2025-07-08 18:07:19,0
74,11,reminder,Keep your momentum going—complete your roadmap today.,2023-05-23 21:54:47,0
75,61,info,Your roadmap has been updated with new steps.,2024-10-19 21:14:48,0
76,52,info,Your roadmap has been updated with new steps.,2025-07-22 15:02:38,0
77,65,achievement,Amazing work! You finished the entire roadmap.,2024-01-13 08:30:59,0
78,3,info,Weekly summary is now available.,2023-04-20 00:50:57,0
79,58,achievement,You’ve earned a new badge for consistency.,2023-04-26 13:58:11,0
80,17,achievement,Amazing work! You finished the entire roadmap.,2025-10-16 07:42:35,1
81,94,reminder,Keep your momentum going—complete your roadmap today.,2024-12-16 09:43:37,1
82,55,info,A new feature has been released! Check it out.,2024-01-05 21:05:37,1
83,74,alert,Unusual login detected. Please verify your account.,2023-07-18 06:21:28,1
84,30,system,New privacy policy updates are available.,2024-11-09 15:51:38,0
85,46,reminder,You have unfinished steps waiting for you.,2024-02-27 06:32:09,0
86,9,alert,Unusual login detected. Please verify your account.,2024-01-23 23:07:43,1
87,41,alert,Unusual login detected. Please verify your account.,2024-09-15 08:07:00,1
88,82,reminder,Keep your momentum going—complete your roadmap today.,2024-04-18 14:36:26,1
89,59,system,New privacy policy updates are available.,2024-09-06 03:23:18,1
90,52,info,A new roadmap has been added to your dashboard.,2025-05-04 20:35:47,0
91,81,alert,Important: Your account will be reviewed soon.,2024-11-19 17:36:49,1
92,76,reminder,It’s time to continue your learning streak!,2025-05-07 16:40:01,1
93,35,alert,Unusual login detected. Please verify your account.,2024-01-18 20:37:59,0
94,48,alert,Unusual login detected. Please verify your account.,2023-05-28 07:25:13,1
95,16,achievement,Amazing work! You finished the entire roadmap.,2023-09-28 13:32:08,1
96,10,system,System update applied successfully.,2024-07-25 19:50:57,1
97,29,reminder,You have unfinished steps waiting for you.,2025-09-02 00:15:59,0
98,51,reminder,Keep your momentum going—complete your roadmap today.,2023-01-31 04:58:04,0
99,56,info,A new feature has been released! Check it out.,2023-12-09 12:16:03,1
100,55,reminder,Don’t forget to complete your pending steps today.,2023-09-15 16:43:15,1
101,27,system,System update applied successfully.,2024-02-28 14:01:35,1
102,58,reminder,It’s time to continue your learning streak!,2024-05-12 02:03:13,0
103,51,alert,Unusual login detected. Please verify your account.,2024-11-24 16:02:58,1
104,47,alert,Your session expired. Please log in again.,2024-01-30 12:31:13,0
105,28,reminder,You have unfinished steps waiting for you.,2025-08-11 05:56:45,1
106,65,system,Scheduled maintenance will occur tonight.,2023-02-17 20:45:12,1
107,84,reminder,Keep your momentum going—complete your roadmap today.,2023-08-25 00:13:24,0
108,54,achievement,You’ve earned a new badge for consistency.,2024-01-14 22:29:07,1
109,75,reminder,Keep your momentum going—complete your roadmap today.,2023-03-23 22:46:47,1
110,42,reminder,You have unfinished steps waiting for you.,2025-02-10 07:34:51,0
111,23,reminder,It’s time to continue your learning streak!,2024-06-01 21:17:50,1
112,83,alert,Your session expired. Please log in again.,2024-03-07 20:10:35,0
113,83,info,Weekly summary is now available.,2025-09-01 09:03:53,0
114,88,info,A new feature has been released! Check it out.,2025-01-11 22:45:15,1
115,59,achievement,Your roadmap completion just hit 50%!,2025-09-05 05:35:28,1
116,35,reminder,Don’t forget to complete your pending steps today.,2024-10-29 23:20:49,0
117,45,reminder,You have unfinished steps waiting for you.,2023-05-19 03:42:14,1
118,58,reminder,Don’t forget to complete your pending steps today.,2024-12-03 10:04:07,0
119,35,system,New privacy policy updates are available.,2025-04-26 05:28:18,1
120,60,alert,Important: Your account will be reviewed soon.,2025-07-23 02:52:01,1
121,19,info,Weekly summary is now available.,2025-02-09 16:45:01,0
122,96,info,A new roadmap has been added to your dashboard.,2025-01-28 08:32:31,0
123,84,system,New privacy policy updates are available.,2024-05-07 15:17:11,1
124,50,info,A new feature has been released! Check it out.,2024-12-30 10:51:29,1
125,51,reminder,You have unfinished steps waiting for you.,2023-07-22 03:09:39,0
126,84,achievement,Your roadmap completion just hit 50%!,2025-07-11 10:27:03,0
127,20,info,Your roadmap has been updated with new steps.,2025-01-08 23:38:38,1
128,13,achievement,Congratulations! You completed a roadmap step.,2023-04-28 01:35:26,0
129,56,achievement,You’ve earned a new badge for consistency.,2025-04-06 14:32:53,1
130,28,achievement,You’ve earned a new badge for consistency.,2024-04-26 13:28:33,0
131,55,reminder,It’s time to continue your learning streak!,2025-01-08 16:25:35,0
132,2,system,System update applied successfully.,2023-04-04 08:06:59,0
133,29,system,System update applied successfully.,2023-08-01 18:41:19,0
134,72,reminder,You have unfinished steps waiting for you.,2023-05-15 23:47:37,1
135,24,alert,Your session expired. Please log in again.,2025-06-01 19:43:12,1
136,78,alert,Your session expired. Please log in again.,2025-01-31 06:49:45,1
137,30,info,A new roadmap has been added to your dashboard.,2023-03-24 23:20:28,0
138,28,alert,Unusual login detected. Please verify your account.,2025-05-27 16:40:17,0
139,72,alert,Error loading your roadmap. Try again later.,2023-02-05 07:37:38,0
140,61,reminder,It’s time to continue your learning streak!,2023-08-18 22:20:48,0
141,70,system,New privacy policy updates are available.,2025-02-28 06:37:31,0
142,92,system,Scheduled maintenance will occur tonight.,2025-07-06 09:03:59,0
143,88,achievement,You’ve earned a new badge for consistency.,2025-09-06 09:08:22,1
144,43,alert,Important: Your account will be reviewed soon.,2024-05-21 23:46:29,1
145,87,alert,Important: Your account will be reviewed soon.,2025-01-21 11:58:37,1
146,29,reminder,Don’t forget to complete your pending steps today.,2025-02-26 07:05:30,0
147,88,alert,Unusual login detected. Please verify your account.,2023-01-28 17:33:49,1
148,79,info,A new roadmap has been added to your dashboard.,2024-10-02 14:32:36,1
149,28,alert,Important: Your account will be reviewed soon.,2023-09-27 13:02:36,0
150,38,reminder,You have unfinished steps waiting for you.,2023-04-30 04:09:06,1
151,7,reminder,You have unfinished steps waiting for you.,2024-03-30 06:06:41,0
152,47,alert,Error loading your roadmap. Try again later.,2024-06-13 10:40:34,1
153,53,achievement,Your roadmap completion just hit 50%!,2023-08-04 16:54:34,0
154,95,achievement,You’ve earned a new badge for consistency.,2024-10-29 01:25:42,0
155,41,reminder,You have unfinished steps waiting for you.,2023-04-16 01:40:28,1
156,38,achievement,You’ve earned a new badge for consistency.,2023-11-07 19:55:37,1
157,13,reminder,You have unfinished steps waiting for you.,2024-05-04 13:01:10,1
158,69,reminder,Keep your momentum going—complete your roadmap today.,2025-09-27 01:48:52,1
159,7,achievement,Your roadmap completion just hit 50%!,2025-08-27 22:50:37,0
160,50,alert,Your session expired. Please log in again.,2024-12-21 19:23:04,0
161,12,achievement,Amazing work! You finished the entire roadmap.,2023-02-18 06:52:47,0
162,38,achievement,You’ve earned a new badge for consistency.,2023-10-03 13:37:48,1
163,56,reminder,You have unfinished steps waiting for you.,2025-05-01 07:19:24,1
164,98,system,New privacy policy updates are available.,2025-01-16 21:53:02,1
165,76,alert,Error loading your roadmap. Try again later.,2024-03-13 05:58:52,0
166,59,achievement,You’ve earned a new badge for consistency.,2024-10-01 03:48:04,1
167,32,alert,Unusual login detected. Please verify your account.,2024-11-23 14:45:40,0
168,86,reminder,Keep your momentum going—complete your roadmap today.,2023-08-10 18:45:40,1
169,24,alert,Important: Your account will be reviewed soon.,2025-06-07 07:03:00,0
170,96,achievement,Your roadmap completion just hit 50%!,2023-07-10 07:33:37,1
171,46,info,A new feature has been released! Check it out.,2025-02-28 16:15:03,0
172,71,alert,Error loading your roadmap. Try again later.,2024-07-29 23:45:24,1
173,50,reminder,It’s time to continue your learning streak!,2024-09-14 10:21:29,0
174,7,achievement,You’ve earned a new badge for consistency.,2023-01-24 05:59:31,0
175,70,alert,Important: Your account will be reviewed soon.,2024-06-23 16:48:37,0
176,4,reminder,It’s time to continue your learning streak!,2025-07-20 11:43:43,1
177,45,system,Scheduled maintenance will occur tonight.,2025-09-28 00:53:48,0
178,91,reminder,Don’t forget to complete your pending steps today.,2023-08-06 14:34:38,0
179,99,system,Your account settings were changed.,2024-02-01 03:17:38,1
180,96,alert,Important: Your account will be reviewed soon.,2024-08-31 06:45:54,0
181,35,info,Your roadmap has been updated with new steps.,2023-02-21 01:06:49,0
182,67,reminder,You have unfinished steps waiting for you.,2023-06-21 19:29:07,1
183,70,info,A new roadmap has been added to your dashboard.,2024-04-17 20:24:42,0
184,58,alert,Unusual login detected. Please verify your account.,2023-12-14 05:27:35,0
185,3,achievement,Congratulations! You completed a roadmap step.,2024-01-21 22:00:33,1
186,2,reminder,Don’t forget to complete your pending steps today.,2023-12-05 18:45:54,0
187,12,alert,Important: Your account will be reviewed soon.,2023-09-02 16:28:28,1
188,22,reminder,Don’t forget to complete your pending steps today.,2024-07-18 17:50:33,1
189,5,system,System update applied successfully.,2024-08-25 10:15:38,0
190,90,info,Your roadmap has been updated with new steps.,2025-01-05 21:36:32,0
191,60,system,System update applied successfully.,2023-07-21 23:33:34,1
192,53,alert,Unusual login detected. Please verify your account.,2025-07-01 12:59:44,1
193,37,reminder,It’s time to continue your learning streak!,2024-08-02 17:13:27,1
194,95,reminder,Keep your momentum going—complete your roadmap today.,2024-09-14 11:23:38,0
195,88,system,New privacy policy updates are available.,2023-03-22 03:56:28,0
196,66,info,Weekly summary is now available.,2024-07-08 20:46:13,0
197,5,info,A new feature has been released! Check it out.,2024-03-09 13:52:23,1
198,98,reminder,Keep your momentum going—complete your roadmap today.,2025-10-01 20:49:26,1
199,52,reminder,You have unfinished steps waiting for you.,2025-01-30 06:44:09,0
200,35,system,System update applied successfully.,2025-10-02 12:32:01,0
201,43,system,Scheduled maintenance will occur tonight.,2025-01-13 04:51:12,0
202,64,info,Your roadmap has been updated with new steps.,2025-04-23 11:32:54,1
203,5,system,New privacy policy updates are available.,2023-04-07 06:47:39,0
204,70,reminder,Keep your momentum going—complete your roadmap today.,2024-09-19 04:40:13,0
205,87,reminder,It’s time to continue your learning streak!,2025-05-19 16:56:49,1
206,20,reminder,You have unfinished steps waiting for you.,2024-10-22 10:34:28,0
207,10,achievement,Congratulations! You completed a roadmap step.,2025-04-28 21:00:08,1
208,100,alert,Your session expired. Please log in again.,2024-02-20 18:50:39,0
209,16,info,A new roadmap has been added to your dashboard.,2024-12-24 16:22:58,1
210,87,alert,Unusual login detected. Please verify your account.,2024-01-19 02:07:14,1
211,37,alert,Your session expired. Please log in again.,2023-07-10 04:12:17,1
212,14,achievement,Congratulations! You completed a roadmap step.,2024-07-24 22:43:20,1
213,45,alert,Important: Your account will be reviewed soon.,2025-01-28 22:20:10,0
214,5,system,Scheduled maintenance will occur tonight.,2023-07-16 07:57:57,1
215,18,reminder,You have unfinished steps waiting for you.,2024-01-20 03:31:46,1
216,63,system,Your account settings were changed.,2025-07-23 18:35:03,0
217,73,system,Your account settings were changed.,2024-09-20 20:31:26,0
218,60,system,Scheduled maintenance will occur tonight.,2024-06-28 09:31:05,0
219,40,info,A new feature has been released! Check it out.,2025-04-24 19:57:45,1
220,63,info,Weekly summary is now available.,2023-02-02 23:29:26,0
221,82,achievement,You’ve earned a new badge for consistency.,2023-12-18 13:52:31,1
222,15,system,System update applied successfully.,2023-03-28 04:40:26,0
223,34,system,Your account settings were changed.,2023-02-07 16:17:05,1
224,59,info,A new roadmap has been added to your dashboard.,2024-04-09 20:13:17,0
225,42,info,Your roadmap has been updated with new steps.,2025-06-19 17:38:37,1
226,75,system,System update applied successfully.,2024-03-06 15:03:45,1
227,57,info,A new roadmap has been added to your dashboard.,2023-11-26 05:33:03,1
228,79,info,A new roadmap has been added to your dashboard.,2023-08-05 23:56:19,0
229,54,reminder,You have unfinished steps waiting for you.,2023-05-07 01:59:13,0
230,27,alert,Error loading your roadmap. Try again later.,2023-01-21 11:12:14,1
231,13,info,Weekly summary is now available.,2023-09-24 09:10:53,0
232,98,system,Scheduled maintenance will occur tonight.,2023-10-28 14:46:32,0
233,70,alert,Error loading your roadmap. Try again later.,2025-05-27 04:53:56,1
234,44,reminder,It’s time to continue your learning streak!,2023-03-01 13:23:30,1
235,51,alert,Your session expired. Please log in again.,2024-09-13 08:56:26,1
236,24,achievement,Your roadmap completion just hit 50%!,2025-04-07 16:10:46,0
237,93,reminder,You have unfinished steps waiting for you.,2024-07-08 19:49:50,0
238,95,system,System update applied successfully.,2024-04-05 03:46:05,0
239,16,achievement,Your roadmap completion just hit 50%!,2023-06-11 08:00:46,0
240,14,info,A new feature has been released! Check it out.,2024-08-25 06:27:46,1
241,33,achievement,Congratulations! You completed a roadmap step.,2024-05-31 01:05:45,0
242,74,achievement,Your roadmap completion just hit 50%!,2023-08-23 09:54:36,1
243,79,alert,Important: Your account will be reviewed soon.,2023-04-15 04:55:31,0
244,66,system,Your account settings were changed.,2023-07-19 03:36:05,0
245,100,alert,Important: Your account will be reviewed soon.,2024-06-02 21:00:17,1
246,91,reminder,You have unfinished steps waiting for you.,2024-07-13 03:39:44,0
247,56,reminder,It’s time to continue your learning streak!,2024-02-10 13:48:23,1
248,41,info,Weekly summary is now available.,2024-03-21 11:51:42,1
249,50,achievement,You’ve earned a new badge for consistency.,2024-10-13 07:32:01,0
250,71,info,Your roadmap has been updated with new steps.,2025-06-17 04:01:20,0
251,6,alert,Important: Your account will be reviewed soon.,2023-09-05 21:53:07,0
252,30,alert,Error loading your roadmap. Try again later.,2024-10-26 03:06:00,0
253,34,reminder,Don’t forget to complete your pending steps today.,2023-02-04 02:53:25,1
254,36,achievement,Amazing work! You finished the entire roadmap.,2023-05-08 14:56:49,1
255,52,reminder,Don’t forget to complete your pending steps today.,2024-11-06 02:56:23,0
256,44,alert,Unusual login detected. Please verify your account.,2025-02-02 00:43:01,0
257,90,achievement,Amazing work! You finished the entire roadmap.,2024-02-01 13:07:51,1
258,88,reminder,It’s time to continue your learning streak!,2023-08-15 14:51:08,1
259,7,reminder,Keep your momentum going—complete your roadmap today.,2023-10-24 09:56:50,0
260,31,alert,Error loading your roadmap. Try again later.,2024-03-19 15:49:48,0
261,30,alert,Error loading your roadmap. Try again later.,2023-09-06 09:43:43,1
262,30,reminder,Keep your momentum going—complete your roadmap today.,2024-01-16 12:42:14,0
263,48,reminder,Keep your momentum going—complete your roadmap today.,2024-07-11 22:19:59,0
264,6,system,New privacy policy updates are available.,2024-03-19 16:20:33,1
265,33,reminder,You have unfinished steps waiting for you.,2023-09-24 20:26:00,0
266,16,achievement,Amazing work! You finished the entire roadmap.,2025-03-06 04:41:28,0
267,92,alert,Unusual login detected. Please verify your account.,2024-02-01 23:23:28,0
268,38,alert,Error loading your roadmap. Try again later.,2025-03-15 07:43:14,1
269,52,reminder,Don’t forget to complete your pending steps today.,2024-09-15 14:21:44,1
270,84,achievement,Your roadmap completion just hit 50%!,2024-07-02 02:01:02,1
271,71,alert,Your session expired. Please log in again.,2025-02-05 05:38:55,0
272,90,achievement,You’ve earned a new badge for consistency.,2024-08-11 04:56:07,1
273,90,system,System update applied successfully.,2025-07-07 23:09:05,1
274,67,alert,Error loading your roadmap. Try again later.,2023-04-24 08:03:52,0
275,11,reminder,You have unfinished steps waiting for you.,2025-01-04 19:06:24,0
276,1,achievement,You’ve earned a new badge for consistency.,2023-01-22 13:29:58,1
277,28,system,System update applied successfully.,2024-01-10 02:56:08,0
278,72,info,Weekly summary is now available.,2023-10-12 16:56:53,0
279,24,achievement,Amazing work! You finished the entire roadmap.,2024-03-24 06:36:21,0
280,84,reminder,Keep your momentum going—complete your roadmap today.,2024-08-19 04:34:35,0
281,60,info,A new feature has been released! Check it out.,2025-03-29 14:47:34,0
282,17,reminder,Keep your momentum going—complete your roadmap today.,2024-06-06 06:59:29,0
283,84,reminder,Don’t forget to complete your pending steps today.,2025-05-02 21:33:25,1
284,35,achievement,Amazing work! You finished the entire roadmap.,2024-01-05 04:09:43,1
285,3,alert,Error loading your roadmap. Try again later.,2025-02-03 17:08:33,1
286,26,reminder,It’s time to continue your learning streak!,2024-01-03 01:37:52,0
287,38,alert,Your session expired. Please log in again.,2024-02-07 01:10:07,0
288,95,achievement,Amazing work! You finished the entire roadmap.,2024-06-15 16:20:49,0
289,96,achievement,Congratulations! You completed a roadmap step.,2023-04-04 17:48:58,1
290,62,reminder,Don’t forget to complete your pending steps today.,2025-08-02 10:05:45,0
291,71,reminder,You have unfinished steps waiting for you.,2024-04-01 05:31:30,1
292,35,reminder,Don’t forget to complete your pending steps today.,2025-08-29 18:10:46,0
293,50,reminder,Keep your momentum going—complete your roadmap today.,2023-12-18 19:06:41,1
294,6,system,Scheduled maintenance will occur tonight.,2024-10-11 14:21:17,1
295,56,info,Weekly summary is now available.,2024-10-18 12:11:16,0
296,6,reminder,You have unfinished steps waiting for you.,2023-09-20 19:53:49,1
297,40,info,A new feature has been released! Check it out.,2025-08-16 02:27:57,1
298,51,alert,Your session expired. Please log in again.,2024-04-15 08:55:38,1
299,32,system,System update applied successfully.,2024-11-18 02:58:54,1
300,66,achievement,Your roadmap completion just hit 50%!,2024-05-14 09:58:01,0
301,38,info,Your roadmap has been updated with new steps.,2024-11-10 12:00:43,1
302,51,alert,Unusual login detected. Please verify your account.,2023-05-24 15:14:23,0
303,60,info,Your roadmap has been updated with new steps.,2025-06-18 16:27:18,0
304,58,achievement,Amazing work! You finished the entire roadmap.,2024-07-29 08:32:18,1
305,8,reminder,It’s time to continue your learning streak!,2024-01-23 11:26:50,0
306,47,achievement,Your roadmap completion just hit 50%!,2023-11-22 13:06:19,1
307,97,alert,Important: Your account will be reviewed soon.,2023-06-08 20:45:19,1
308,52,info,A new roadmap has been added to your dashboard.,2023-06-25 19:55:47,1
309,88,system,Scheduled maintenance will occur tonight.,2024-12-31 11:35:22,1
310,32,system,Your account settings were changed.,2024-11-16 22:35:10,1
311,80,info,A new roadmap has been added to your dashboard.,2024-09-30 21:43:00,0
312,34,alert,Unusual login detected. Please verify your account.,2025-06-28 20:38:22,1
313,39,alert,Your session expired. Please log in again.,2023-08-01 23:09:21,0
314,33,reminder,Don’t forget to complete your pending steps today.,2024-03-21 05:45:10,0
315,54,system,New privacy policy updates are available.,2025-09-18 14:50:43,0
316,85,alert,Important: Your account will be reviewed soon.,2023-05-05 10:27:14,0
317,90,system,System update applied successfully.,2023-07-22 04:21:11,0
318,91,alert,Error loading your roadmap. Try again later.,2025-02-26 22:32:04,1
319,67,achievement,Congratulations! You completed a roadmap step.,2023-09-18 11:44:23,1
320,45,alert,Your session expired. Please log in again.,2024-12-09 09:41:32,1
321,87,alert,Unusual login detected. Please verify your account.,2024-04-20 16:19:40,0
322,2,achievement,Your roadmap completion just hit 50%!,2024-07-19 07:37:27,0
323,58,info,Your roadmap has been updated with new steps.,2024-08-30 08:09:51,1
324,12,reminder,Don’t forget to complete your pending steps today.,2024-11-21 01:38:19,0
325,21,achievement,Amazing work! You finished the entire roadmap.,2023-06-03 14:43:58,1
326,34,alert,Unusual login detected. Please verify your account.,2025-03-10 03:21:32,0
327,34,system,Scheduled maintenance will occur tonight.,2025-02-01 23:41:06,0
328,38,info,A new roadmap has been added to your dashboard.,2023-02-08 18:06:27,0
329,93,reminder,Don’t forget to complete your pending steps today.,2024-11-22 14:15:28,0
330,70,system,New privacy policy updates are available.,2024-04-12 13:52:24,1
331,87,alert,Your session expired. Please log in again.,2025-05-30 12:08:57,1
332,10,reminder,It’s time to continue your learning streak!,2025-06-25 03:43:14,1
333,44,alert,Unusual login detected. Please verify your account.,2023-09-18 19:08:01,1
334,39,achievement,Amazing work! You finished the entire roadmap.,2023-11-16 17:37:03,1
335,85,info,Weekly summary is now available.,2025-04-10 23:48:36,1
336,56,system,New privacy policy updates are available.,2024-05-08 19:38:09,0
337,55,info,Weekly summary is now available.,2025-09-02 17:17:40,1
338,85,alert,Unusual login detected. Please verify your account.,2025-08-11 20:48:03,0
339,49,system,New privacy policy updates are available.,2023-03-31 20:02:12,1
340,42,alert,Error loading your roadmap. Try again later.,2024-03-06 17:42:17,0
341,53,reminder,Keep your momentum going—complete your roadmap today.,2023-01-17 13:29:58,0
342,89,system,New privacy policy updates are available.,2023-07-12 12:18:55,0
343,65,info,A new roadmap has been added to your dashboard.,2023-10-03 13:14:14,0
344,91,info,Weekly summary is now available.,2023-07-03 15:00:07,1
345,24,info,Weekly summary is now available.,2024-11-23 01:08:43,0
346,63,achievement,You’ve earned a new badge for consistency.,2025-01-09 02:00:42,0
347,67,system,System update applied successfully.,2023-11-16 13:42:07,0
348,51,achievement,Congratulations! You completed a roadmap step.,2025-03-14 06:23:34,0
349,32,reminder,Don’t forget to complete your pending steps today.,2025-01-16 19:35:33,0
350,83,alert,Important: Your account will be reviewed soon.,2025-07-17 03:53:33,0
351,79,reminder,It’s time to continue your learning streak!,2023-01-03 20:15:19,1
352,25,achievement,Congratulations! You completed a roadmap step.,2023-05-02 04:04:45,0
353,45,alert,Your session expired. Please log in again.,2025-02-02 11:46:26,1
354,71,achievement,Amazing work! You finished the entire roadmap.,2024-01-06 09:44:48,1
355,57,system,Your account settings were changed.,2024-03-12 18:58:28,0
356,93,info,Weekly summary is now available.,2023-08-25 06:23:01,0
357,9,info,Your roadmap has been updated with new steps.,2024-12-22 17:50:07,0
358,31,alert,Important: Your account will be reviewed soon.,2024-04-14 21:34:55,0
359,82,achievement,Your roadmap completion just hit 50%!,2025-09-13 16:21:58,1
360,100,reminder,It’s time to continue your learning streak!,2023-06-12 23:58:55,1
361,81,system,Scheduled maintenance will occur tonight.,2023-10-28 05:59:08,0
362,44,reminder,It’s time to continue your learning streak!,2023-07-06 12:02:44,1
363,8,reminder,Don’t forget to complete your pending steps today.,2023-02-20 09:39:06,0
364,26,alert,Your session expired. Please log in again.,2023-06-02 22:33:11,0
365,54,info,A new roadmap has been added to your dashboard.,2023-10-23 14:53:57,1
366,56,system,System update applied successfully.,2023-02-06 03:35:30,1
367,75,reminder,Don’t forget to complete your pending steps today.,2024-11-10 15:44:32,0
368,44,alert,Unusual login detected. Please verify your account.,2025-05-06 11:35:56,1
369,18,achievement,Your roadmap completion just hit 50%!,2024-04-30 19:31:07,0
370,10,alert,Your session expired. Please log in again.,2024-01-29 17:49:17,1
371,62,info,Your roadmap has been updated with new steps.,2024-10-01 02:20:44,1
372,17,reminder,It’s time to continue your learning streak!,2023-04-01 12:16:29,1
373,45,system,System update applied successfully.,2025-01-28 02:56:21,1
374,44,alert,Your session expired. Please log in again.,2024-07-13 16:09:48,1
375,86,alert,Error loading your roadmap. Try again later.,2023-05-22 07:56:13,0
376,10,info,A new feature has been released! Check it out.,2025-09-29 13:51:48,1
377,68,reminder,It’s time to continue your learning streak!,2024-02-24 16:28:42,1
378,41,reminder,Keep your momentum going—complete your roadmap today.,2025-08-27 17:57:27,1
379,34,info,A new roadmap has been added to your dashboard.,2025-07-12 22:12:28,0
380,67,info,A new roadmap has been added to your dashboard.,2023-12-29 10:39:00,1
381,10,achievement,Your roadmap completion just hit 50%!,2024-10-29 18:20:37,0
382,78,info,Your roadmap has been updated with new steps.,2023-11-10 09:26:43,1
383,2,system,Your account settings were changed.,2023-02-22 04:39:00,0
384,40,reminder,You have unfinished steps waiting for you.,2023-08-16 19:19:45,0
385,53,reminder,Don’t forget to complete your pending steps today.,2023-04-11 23:19:06,1
386,98,reminder,You have unfinished steps waiting for you.,2023-07-10 20:52:41,0
387,91,system,Scheduled maintenance will occur tonight.,2023-11-13 15:09:45,0
388,3,info,A new feature has been released! Check it out.,2025-10-10 11:12:50,1
389,11,achievement,Your roadmap completion just hit 50%!,2024-01-18 00:54:19,1
390,36,reminder,It’s time to continue your learning streak!,2024-07-16 02:18:10,0
391,26,reminder,It’s time to continue your learning streak!,2025-07-06 07:01:26,1
392,64,system,System update applied successfully.,2024-03-06 22:15:16,0
393,49,system,Your account settings were changed.,2024-03-29 00:31:47,0
394,40,achievement,Amazing work! You finished the entire roadmap.,2025-10-06 22:23:38,1
395,35,info,Weekly summary is now available.,2025-06-14 00:13:14,0
396,29,alert,Unusual login detected. Please verify your account.,2025-01-02 22:36:41,0
397,96,system,Your account settings were changed.,2025-09-30 15:41:15,0
398,55,reminder,Keep your momentum going—complete your roadmap today.,2023-02-09 06:14:17,1
399,21,info,A new feature has been released! Check it out.,2025-10-05 14:17:46,1
400,65,achievement,Your roadmap completion just hit 50%!,2023-09-07 06:59:10,0
401,37,achievement,Amazing work! You finished the entire roadmap.,2025-09-23 17:24:38,1
402,46,system,Your account settings were changed.,2024-06-18 19:41:13,1
403,72,system,System update applied successfully.,2024-11-15 12:48:17,1
404,7,info,Weekly summary is now available.,2025-09-27 03:57:51,0
405,10,achievement,Your roadmap completion just hit 50%!,2024-06-21 05:32:19,0
406,19,reminder,It’s time to continue your learning streak!,2025-01-17 09:24:39,0
407,46,system,New privacy policy updates are available.,2023-04-09 22:16:14,0
408,86,reminder,It’s time to continue your learning streak!,2025-08-28 11:05:56,1
409,22,system,System update applied successfully.,2023-10-14 20:43:33,1
410,63,info,Weekly summary is now available.,2024-01-26 05:08:30,1
411,34,info,A new roadmap has been added to your dashboard.,2023-12-18 21:55:20,1
412,56,info,A new roadmap has been added to your dashboard.,2024-10-15 07:43:08,1
413,74,info,A new feature has been released! Check it out.,2024-03-14 10:19:50,1
414,28,system,System update applied successfully.,2025-06-15 13:48:16,1
415,1,alert,Important: Your account will be reviewed soon.,2024-11-06 01:20:08,1
416,13,reminder,Keep your momentum going—complete your roadmap today.,2024-09-21 00:06:44,1
417,50,info,A new roadmap has been added to your dashboard.,2025-05-26 03:49:55,0
418,25,info,A new feature has been released! Check it out.,2023-02-06 08:01:29,1
419,56,alert,Important: Your account will be reviewed soon.,2024-04-10 02:51:14,0
420,5,reminder,Keep your momentum going—complete your roadmap today.,2024-12-08 10:41:26,1
421,48,achievement,Your roadmap completion just hit 50%!,2023-04-04 17:52:50,1
422,49,system,New privacy policy updates are available.,2024-10-20 06:49:12,0
423,71,system,Scheduled maintenance will occur tonight.,2025-06-11 18:00:23,1
424,44,achievement,Congratulations! You completed a roadmap step.,2025-07-29 02:41:42,1
425,7,info,Weekly summary is now available.,2024-08-15 07:13:23,0
426,8,achievement,You’ve earned a new badge for consistency.,2025-03-14 21:25:55,0
427,37,alert,Important: Your account will be reviewed soon.,2024-09-27 02:18:54,0
428,2,achievement,Your roadmap completion just hit 50%!,2023-01-01 00:06:01,0
429,98,info,A new feature has been released! Check it out.,2025-02-22 04:31:32,0
430,80,system,System update applied successfully.,2024-08-29 05:05:34,1
431,40,alert,Your session expired. Please log in again.,2023-02-21 20:09:04,0
432,69,alert,Your session expired. Please log in again.,2024-04-18 02:18:20,0
433,69,system,Your account settings were changed.,2025-07-12 14:26:42,1
434,19,alert,Error loading your roadmap. Try again later.,2023-07-19 09:33:17,0
435,91,alert,Important: Your account will be reviewed soon.,2024-10-04 15:24:41,1
436,15,info,Weekly summary is now available.,2025-05-14 11:09:10,1
437,68,info,Weekly summary is now available.,2024-08-10 17:42:04,1
438,24,achievement,Amazing work! You finished the entire roadmap.,2024-01-20 02:47:12,0
439,51,info,A new feature has been released! Check it out.,2025-08-06 07:47:02,0
440,35,info,Your roadmap has been updated with new steps.,2024-09-14 22:42:14,1
441,47,reminder,Keep your momentum going—complete your roadmap today.,2023-02-26 15:49:50,1
442,83,info,Your roadmap has been updated with new steps.,2023-05-11 13:01:15,1
443,19,system,Scheduled maintenance will occur tonight.,2023-06-13 16:27:17,0
444,97,reminder,Don’t forget to complete your pending steps today.,2024-11-05 08:55:57,1
445,50,alert,Important: Your account will be reviewed soon.,2023-08-27 22:23:03,0
446,86,reminder,It’s time to continue your learning streak!,2024-09-22 15:38:10,1
447,32,info,Your roadmap has been updated with new steps.,2023-09-02 03:31:14,0
448,32,system,New privacy policy updates are available.,2024-03-26 15:29:48,0
449,18,achievement,Congratulations! You completed a roadmap step.,2024-09-09 09:17:30,0
450,23,alert,Error loading your roadmap. Try again later.,2024-02-08 08:54:15,0
451,27,info,A new roadmap has been added to your dashboard.,2023-05-19 22:18:46,1
452,63,system,New privacy policy updates are available.,2023-01-14 09:31:58,0
453,83,alert,Error loading your roadmap. Try again later.,2025-07-27 14:35:53,1
454,11,reminder,Keep your momentum going—complete your roadmap today.,2025-06-11 22:45:15,1
455,88,reminder,It’s time to continue your learning streak!,2024-03-13 14:11:41,0
456,6,reminder,Don’t forget to complete your pending steps today.,2025-02-09 10:28:41,0
457,80,info,Your roadmap has been updated with new steps.,2023-11-10 06:08:15,1
458,14,info,A new feature has been released! Check it out.,2023-06-19 07:52:44,0
459,63,system,New privacy policy updates are available.,2023-03-01 16:11:11,0
460,74,reminder,It’s time to continue your learning streak!,2023-05-18 23:37:34,1
461,35,achievement,You’ve earned a new badge for consistency.,2024-01-25 01:29:36,0
462,98,info,Your roadmap has been updated with new steps.,2024-07-16 19:32:52,0
463,83,info,Weekly summary is now available.,2024-03-28 03:16:05,1
464,5,system,Scheduled maintenance will occur tonight.,2023-04-17 18:12:13,1
465,93,system,Scheduled maintenance will occur tonight.,2023-12-17 22:51:39,1
466,13,alert,Error loading your roadmap. Try again later.,2024-06-26 15:03:26,1
467,4,achievement,Amazing work! You finished the entire roadmap.,2025-03-26 06:52:56,0
468,3,system,Your account settings were changed.,2023-09-05 19:23:21,0
469,47,info,Your roadmap has been updated with new steps.,2024-03-28 06:23:36,0
470,20,system,System update applied successfully.,2024-10-02 03:49:12,0
471,42,reminder,You have unfinished steps waiting for you.,2023-12-08 23:49:24,0
472,92,reminder,It’s time to continue your learning streak!,2023-06-23 19:36:53,1
473,37,alert,Important: Your account will be reviewed soon.,2025-02-18 21:27:29,1
474,38,reminder,Don’t forget to complete your pending steps today.,2023-08-10 15:47:51,1
475,13,info,A new roadmap has been added to your dashboard.,2023-05-07 01:01:49,0
476,42,system,Scheduled maintenance will occur tonight.,2023-07-30 10:18:05,0
477,19,achievement,You’ve earned a new badge for consistency.,2023-09-21 00:52:34,1
478,30,system,Your account settings were changed.,2025-03-21 02:42:53,1
479,52,info,Weekly summary is now available.,2025-04-06 11:19:41,1
480,61,info,Weekly summary is now available.,2023-02-19 02:40:09,0
481,75,alert,Important: Your account will be reviewed soon.,2025-01-17 07:04:35,0
482,21,reminder,Keep your momentum going—complete your roadmap today.,2024-04-17 21:56:53,0
483,34,system,Your account settings were changed.,2024-11-30 14:26:07,1
484,29,system,System update applied successfully.,2023-08-29 03:11:15,0
485,47,achievement,You’ve earned a new badge for consistency.,2023-12-27 05:03:03,1
486,6,reminder,It’s time to continue your learning streak!,2024-11-25 02:40:11,0
487,26,reminder,You have unfinished steps waiting for you.,2024-06-26 13:28:50,1
488,2,alert,Error loading your roadmap. Try again later.,2025-03-03 12:17:04,0
489,58,system,Scheduled maintenance will occur tonight.,2023-07-21 06:52:09,0
490,31,achievement,You’ve earned a new badge for consistency.,2024-05-28 03:25:26,1
491,74,system,New privacy policy updates are available.,2023-01-08 03:10:29,1
492,50,system,System update applied successfully.,2025-07-02 04:25:40,1
493,44,info,A new feature has been released! Check it out.,2024-11-14 15:39:18,0
494,60,achievement,Congratulations! You completed a roadmap step.,2025-06-30 03:43:08,1
495,79,reminder,Don’t forget to complete your pending steps today.,2025-04-07 01:29:30,1
496,74,achievement,Amazing work! You finished the entire roadmap.,2025-01-03 12:50:50,1
497,59,info,Weekly summary is now available.,2024-05-12 16:48:19,1
498,31,info,A new roadmap has been added to your dashboard.,2025-03-20 07:40:46,0
499,83,system,Your account settings were changed.,2024-10-13 10:18:53,1
500,42,alert,Unusual login detected. Please verify your account.,2025-03-16 09:04:52,1
501,61,alert,Unusual login detected. Please verify your account.,2023-05-24 05:37:28,1
502,50,achievement,Amazing work! You finished the entire roadmap.,2024-12-28 08:39:07,0
503,83,system,Your account settings were changed.,2024-09-23 06:32:46,1
504,58,reminder,It’s time to continue your learning streak!,2025-10-14 17:08:15,0
505,21,system,New privacy policy updates are available.,2023-06-28 16:09:02,0
506,59,system,New privacy policy updates are available.,2023-10-14 15:06:58,1
507,55,reminder,Keep your momentum going—complete your roadmap today.,2023-05-14 11:51:15,0
508,21,reminder,You have unfinished steps waiting for you.,2025-01-15 18:46:18,1
509,42,alert,Unusual login detected. Please verify your account.,2024-12-09 21:22:32,0
510,48,reminder,Keep your momentum going—complete your roadmap today.,2024-06-14 18:41:36,1
511,64,achievement,Your roadmap completion just hit 50%!,2025-04-14 15:50:17,0
512,13,alert,Unusual login detected. Please verify your account.,2023-11-04 07:01:05,1
513,25,reminder,It’s time to continue your learning streak!,2025-09-27 00:18:05,1
514,81,reminder,You have unfinished steps waiting for you.,2025-07-15 19:08:31,1
515,74,system,System update applied successfully.,2025-03-18 19:24:06,0
516,99,alert,Error loading your roadmap. Try again later.,2024-07-15 11:23:08,0
517,47,alert,Error loading your roadmap. Try again later.,2023-01-01 15:59:47,0
518,39,achievement,You’ve earned a new badge for consistency.,2023-06-11 16:55:55,0
519,87,alert,Important: Your account will be reviewed soon.,2024-12-18 22:15:19,0
520,90,info,A new feature has been released! Check it out.,2025-03-20 20:40:31,1
521,66,info,Your roadmap has been updated with new steps.,2023-09-06 16:42:09,0
522,74,system,Your account settings were changed.,2023-05-22 04:24:28,0
523,80,alert,Unusual login detected. Please verify your account.,2023-10-05 05:31:24,0
524,64,alert,Error loading your roadmap. Try again later.,2023-06-04 12:14:05,0
525,82,achievement,Amazing work! You finished the entire roadmap.,2024-01-20 06:33:35,0
526,47,system,System update applied successfully.,2024-06-23 16:06:56,1
527,88,alert,Your session expired. Please log in again.,2024-12-13 02:36:52,0
528,67,achievement,Congratulations! You completed a roadmap step.,2025-05-15 12:37:34,1
529,24,system,Your account settings were changed.,2024-03-20 17:43:32,1
530,99,achievement,Your roadmap completion just hit 50%!,2024-05-22 21:44:11,0
531,73,system,Scheduled maintenance will occur tonight.,2024-01-05 08:39:49,0
532,50,achievement,You’ve earned a new badge for consistency.,2025-03-30 08:12:28,0
533,72,alert,Important: Your account will be reviewed soon.,2024-10-15 18:24:34,1
534,83,alert,Important: Your account will be reviewed soon.,2023-09-25 18:10:08,1
535,36,system,System update applied successfully.,2024-07-30 16:29:50,1
536,72,achievement,You’ve earned a new badge for consistency.,2024-02-01 01:35:04,0
537,5,reminder,It’s time to continue your learning streak!,2024-05-25 09:25:07,1
538,35,info,A new roadmap has been added to your dashboard.,2025-02-17 09:35:59,1
539,7,alert,Your session expired. Please log in again.,2023-02-14 15:12:12,0
540,1,system,Your account settings were changed.,2024-09-17 09:04:59,0
541,10,reminder,It’s time to continue your learning streak!,2023-07-24 16:19:32,1
542,32,reminder,Keep your momentum going—complete your roadmap today.,2025-08-13 04:07:44,1
543,41,achievement,Your roadmap completion just hit 50%!,2024-08-24 02:31:08,1
544,91,achievement,You’ve earned a new badge for consistency.,2025-03-21 08:05:45,0
545,35,reminder,Don’t forget to complete your pending steps today.,2023-04-21 22:09:24,0
546,24,info,A new roadmap has been added to your dashboard.,2024-08-12 13:35:34,1
547,49,system,Your account settings were changed.,2023-09-15 10:04:48,0
548,50,system,System update applied successfully.,2023-11-09 07:20:21,0
549,19,achievement,Amazing work! You finished the entire roadmap.,2025-01-09 19:10:11,1
550,41,info,A new feature has been released! Check it out.,2024-05-19 23:57:54,1
551,22,system,Your account settings were changed.,2023-02-04 19:00:03,1
552,53,achievement,You’ve earned a new badge for consistency.,2025-06-25 02:10:07,1
553,88,reminder,You have unfinished steps waiting for you.,2023-02-16 14:40:01,1
554,51,alert,Important: Your account will be reviewed soon.,2024-01-02 15:49:04,1
555,32,alert,Your session expired. Please log in again.,2024-10-13 19:04:14,1
556,52,info,A new feature has been released! Check it out.,2024-01-14 06:11:10,0
557,56,info,Weekly summary is now available.,2023-05-12 06:54:06,1
558,30,alert,Error loading your roadmap. Try again later.,2025-03-04 08:06:25,1
559,36,info,A new feature has been released! Check it out.,2023-04-14 20:26:22,1
560,4,system,System update applied successfully.,2025-06-02 14:10:13,1
561,87,alert,Important: Your account will be reviewed soon.,2024-04-27 15:35:18,0
562,29,alert,Your session expired. Please log in again.,2023-02-04 06:28:18,1
563,85,system,New privacy policy updates are available.,2023-10-01 07:47:05,0
564,78,alert,Unusual login detected. Please verify your account.,2025-04-26 16:20:25,0
565,2,achievement,You’ve earned a new badge for consistency.,2023-06-12 00:38:26,1
566,59,reminder,Don’t forget to complete your pending steps today.,2025-06-07 04:11:55,1
567,42,alert,Important: Your account will be reviewed soon.,2025-07-19 02:35:49,0
568,97,reminder,Don’t forget to complete your pending steps today.,2024-02-26 02:47:26,1
569,7,alert,Important: Your account will be reviewed soon.,2025-07-09 19:45:33,0
570,21,achievement,You’ve earned a new badge for consistency.,2024-07-01 05:57:44,0
571,69,info,A new feature has been released! Check it out.,2024-05-16 04:11:06,1
572,30,alert,Important: Your account will be reviewed soon.,2024-05-10 17:31:33,0
573,70,reminder,It’s time to continue your learning streak!,2023-02-20 07:31:25,0
574,85,alert,Important: Your account will be reviewed soon.,2025-01-02 00:16:08,0
575,44,reminder,Keep your momentum going—complete your roadmap today.,2023-11-22 15:16:12,0
576,71,achievement,You’ve earned a new badge for consistency.,2023-05-31 14:17:04,0
577,59,alert,Error loading your roadmap. Try again later.,2025-09-07 12:51:08,0
578,63,reminder,It’s time to continue your learning streak!,2024-01-21 00:07:31,0
579,78,alert,Your session expired. Please log in again.,2023-12-22 17:59:16,1
580,34,info,Weekly summary is now available.,2025-03-02 09:49:16,0
581,88,info,Weekly summary is now available.,2025-06-20 03:45:32,0
582,34,system,Scheduled maintenance will occur tonight.,2024-02-12 02:42:45,0
583,45,achievement,Your roadmap completion just hit 50%!,2023-03-29 19:31:57,1
584,8,info,A new feature has been released! Check it out.,2024-08-23 03:57:20,1
585,34,achievement,Your roadmap completion just hit 50%!,2024-03-26 03:56:56,0
586,30,alert,Your session expired. Please log in again.,2025-06-22 04:36:15,1
587,70,info,Weekly summary is now available.,2025-03-26 15:26:05,0
588,14,alert,Error loading your roadmap. Try again later.,2025-08-14 00:50:02,0
589,58,alert,Error loading your roadmap. Try again later.,2023-05-29 23:34:10,0
590,94,reminder,It’s time to continue your learning streak!,2023-08-30 11:24:47,0
591,2,system,System update applied successfully.,2023-02-21 22:49:21,0
592,28,alert,Error loading your roadmap. Try again later.,2025-03-31 00:59:19,1
593,50,alert,Unusual login detected. Please verify your account.,2024-11-05 17:53:34,1
594,60,achievement,Your roadmap completion just hit 50%!,2024-03-08 05:39:22,1
595,35,reminder,You have unfinished steps waiting for you.,2023-03-03 10:47:00,0
596,6,reminder,You have unfinished steps waiting for you.,2023-08-23 07:31:27,0
597,3,reminder,Keep your momentum going—complete your roadmap today.,2024-07-14 04:23:22,0
598,39,achievement,You’ve earned a new badge for consistency.,2025-01-02 09:44:01,0
599,81,achievement,Amazing work! You finished the entire roadmap.,2023-02-23 16:44:56,0
600,50,info,A new feature has been released! Check it out.,2023-02-19 07:19:57,0
601,57,system,Your account settings were changed.,2024-07-24 12:56:21,1
602,2,reminder,Don’t forget to complete your pending steps today.,2023-06-21 22:56:52,1
603,38,reminder,You have unfinished steps waiting for you.,2023-04-30 07:07:38,0
604,61,alert,Unusual login detected. Please verify your account.,2025-04-27 17:57:00,0
605,37,info,Weekly summary is now available.,2025-08-12 09:07:32,0
606,48,achievement,You’ve earned a new badge for consistency.,2025-09-06 04:20:32,0
607,60,achievement,Amazing work! You finished the entire roadmap.,2025-07-10 01:57:22,1
608,95,reminder,It’s time to continue your learning streak!,2025-03-14 14:08:11,1
609,26,alert,Error loading your roadmap. Try again later.,2024-11-07 16:26:27,1
610,53,alert,Important: Your account will be reviewed soon.,2023-09-10 04:27:08,1
611,24,system,New privacy policy updates are available.,2025-07-07 00:12:10,1
612,83,info,A new feature has been released! Check it out.,2024-07-23 20:16:34,1
613,47,achievement,Your roadmap completion just hit 50%!,2024-05-29 19:07:53,1
614,94,reminder,You have unfinished steps waiting for you.,2025-08-13 07:03:55,0
615,16,info,Weekly summary is now available.,2025-01-28 08:46:11,0
616,82,achievement,Congratulations! You completed a roadmap step.,2025-10-08 09:10:19,0
617,52,system,System update applied successfully.,2024-04-07 20:45:01,1
618,97,system,System update applied successfully.,2023-01-06 17:37:53,0
619,17,alert,Important: Your account will be reviewed soon.,2025-01-02 21:15:07,0
620,71,system,Your account settings were changed.,2023-11-21 17:03:18,0
621,42,reminder,You have unfinished steps waiting for you.,2023-10-23 11:12:02,0
622,5,info,A new roadmap has been added to your dashboard.,2024-10-03 12:34:30,1
623,72,achievement,Congratulations! You completed a roadmap step.,2024-03-19 18:56:28,0
624,37,alert,Your session expired. Please log in again.,2023-08-06 05:49:46,1
625,29,system,New privacy policy updates are available.,2023-06-03 08:00:05,1
626,35,reminder,Keep your momentum going—complete your roadmap today.,2024-02-26 11:28:29,0
627,11,achievement,Amazing work! You finished the entire roadmap.,2025-04-19 18:57:36,0
628,63,achievement,You’ve earned a new badge for consistency.,2025-07-03 14:02:18,0
629,68,achievement,Congratulations! You completed a roadmap step.,2024-12-04 13:48:52,0
630,20,reminder,Don’t forget to complete your pending steps today.,2025-10-16 00:17:00,0
631,21,system,Scheduled maintenance will occur tonight.,2023-03-25 12:41:36,1
632,14,achievement,Amazing work! You finished the entire roadmap.,2024-08-15 16:55:09,1
633,20,system,Scheduled maintenance will occur tonight.,2025-03-18 16:13:42,0
634,1,achievement,Congratulations! You completed a roadmap step.,2023-01-08 09:51:23,1
635,55,info,A new roadmap has been added to your dashboard.,2025-07-19 07:30:41,1
636,53,achievement,You’ve earned a new badge for consistency.,2025-09-21 21:35:23,1
637,66,reminder,Keep your momentum going—complete your roadmap today.,2023-12-07 11:42:14,0
638,20,system,System update applied successfully.,2023-04-15 22:00:57,1
639,41,alert,Unusual login detected. Please verify your account.,2025-02-01 09:35:37,0
640,99,alert,Important: Your account will be reviewed soon.,2023-05-13 22:53:13,0
641,13,reminder,It’s time to continue your learning streak!,2023-02-24 19:37:10,0
642,23,achievement,Congratulations! You completed a roadmap step.,2024-03-25 10:25:54,1
643,8,info,Your roadmap has been updated with new steps.,2024-09-02 22:41:32,0
644,1,system,Scheduled maintenance will occur tonight.,2025-04-10 04:46:47,1
645,65,system,System update applied successfully.,2023-04-04 09:44:59,0
646,69,system,New privacy policy updates are available.,2023-10-03 20:52:52,0
647,5,system,New privacy policy updates are available.,2025-08-03 11:44:45,0
648,1,alert,Error loading your roadmap. Try again later.,2024-02-26 23:10:21,1
649,54,info,Weekly summary is now available.,2024-11-25 22:03:08,1
650,97,info,A new roadmap has been added to your dashboard.,2023-02-13 21:38:40,0
651,2,system,System update applied successfully.,2024-09-12 14:55:20,0
652,27,reminder,You have unfinished steps waiting for you.,2023-10-31 19:13:32,1
653,34,info,Weekly summary is now available.,2023-01-03 07:19:39,1
654,70,system,System update applied successfully.,2025-03-22 15:17:58,1
655,94,alert,Your session expired. Please log in again.,2023-03-26 16:03:19,1
656,4,alert,Unusual login detected. Please verify your account.,2023-07-08 06:20:26,1
657,56,reminder,You have unfinished steps waiting for you.,2024-05-16 06:11:57,1
658,19,reminder,You have unfinished steps waiting for you.,2023-12-23 00:33:28,0
659,100,achievement,Your roadmap completion just hit 50%!,2025-04-08 11:01:14,0
660,30,achievement,You’ve earned a new badge for consistency.,2023-06-05 18:30:32,1
661,24,info,A new roadmap has been added to your dashboard.,2025-05-30 13:56:56,0
662,14,system,New privacy policy updates are available.,2024-01-06 18:49:36,0
663,18,achievement,Congratulations! You completed a roadmap step.,2025-03-10 09:25:45,0
664,47,reminder,Don’t forget to complete your pending steps today.,2023-05-28 00:14:25,1
665,3,system,Scheduled maintenance will occur tonight.,2023-06-04 06:28:06,1
666,40,reminder,Keep your momentum going—complete your roadmap today.,2024-12-19 19:11:07,0
667,11,info,A new roadmap has been added to your dashboard.,2025-02-02 10:39:42,1
668,68,reminder,Keep your momentum going—complete your roadmap today.,2024-10-22 22:15:04,0
669,70,achievement,Amazing work! You finished the entire roadmap.,2023-06-25 23:35:29,1
670,6,alert,Error loading your roadmap. Try again later.,2024-08-25 02:01:52,0
671,53,system,System update applied successfully.,2023-02-18 02:25:46,0
672,62,reminder,It’s time to continue your learning streak!,2024-03-09 05:07:19,1
673,83,reminder,It’s time to continue your learning streak!,2023-04-09 23:36:50,1
674,37,info,Weekly summary is now available.,2023-03-03 23:51:34,1
675,92,reminder,Keep your momentum going—complete your roadmap today.,2024-09-21 18:54:56,1
676,73,alert,Error loading your roadmap. Try again later.,2025-09-05 11:12:48,1
677,15,reminder,Keep your momentum going—complete your roadmap today.,2024-02-28 21:32:56,0
678,38,alert,Unusual login detected. Please verify your account.,2025-08-23 07:41:18,1
679,60,alert,Important: Your account will be reviewed soon.,2025-10-01 22:53:33,0
680,47,reminder,Keep your momentum going—complete your roadmap today.,2025-10-18 17:56:41,1
681,100,achievement,Your roadmap completion just hit 50%!,2024-03-25 06:02:06,1
682,9,reminder,You have unfinished steps waiting for you.,2023-05-17 22:26:53,0
683,76,info,Your roadmap has been updated with new steps.,2023-10-05 12:16:30,0
684,8,alert,Unusual login detected. Please verify your account.,2024-01-12 19:17:45,1
685,43,achievement,You’ve earned a new badge for consistency.,2024-07-22 08:46:59,0
686,46,achievement,Your roadmap completion just hit 50%!,2023-12-30 02:23:34,1
687,29,reminder,You have unfinished steps waiting for you.,2024-03-12 22:00:36,0
688,33,achievement,You’ve earned a new badge for consistency.,2025-06-14 19:13:44,0
689,93,reminder,Keep your momentum going—complete your roadmap today.,2023-05-16 09:57:19,0
690,76,system,Your account settings were changed.,2025-06-30 15:05:16,1
691,68,achievement,Amazing work! You finished the entire roadmap.,2025-01-05 13:20:54,1
692,74,achievement,Your roadmap completion just hit 50%!,2023-10-10 14:12:26,0
693,18,alert,Your session expired. Please log in again.,2023-06-25 12:42:22,1
694,84,achievement,Your roadmap completion just hit 50%!,2025-10-11 22:10:49,0
695,66,achievement,Congratulations! You completed a roadmap step.,2023-09-13 19:10:00,1
696,75,info,A new feature has been released! Check it out.,2024-01-05 21:09:31,1
697,64,alert,Unusual login detected. Please verify your account.,2025-03-30 18:24:24,0
698,25,reminder,It’s time to continue your learning streak!,2024-05-05 08:50:18,0
699,93,alert,Your session expired. Please log in again.,2024-10-19 07:00:42,1
700,12,info,Your roadmap has been updated with new steps.,2025-08-27 10:32:37,1
701,84,system,System update applied successfully.,2023-11-26 02:42:43,1
702,80,system,System update applied successfully.,2024-02-12 16:19:31,1
703,86,system,System update applied successfully.,2023-03-13 13:16:34,0
704,98,alert,Your session expired. Please log in again.,2025-07-28 01:55:30,0
705,35,system,Your account settings were changed.,2024-10-05 17:06:59,0
706,100,reminder,Don’t forget to complete your pending steps today.,2025-05-01 14:22:29,1
707,54,info,Your roadmap has been updated with new steps.,2023-01-22 19:35:51,1
708,5,info,A new feature has been released! Check it out.,2023-04-28 10:34:13,0
709,48,reminder,You have unfinished steps waiting for you.,2024-04-19 02:31:12,0
710,45,info,A new feature has been released! Check it out.,2024-07-12 14:03:17,1
711,55,info,A new feature has been released! Check it out.,2025-02-26 09:55:53,1
712,54,alert,Unusual login detected. Please verify your account.,2024-06-01 19:25:30,1
713,73,achievement,Amazing work! You finished the entire roadmap.,2023-08-17 20:19:06,1
714,72,reminder,You have unfinished steps waiting for you.,2024-11-02 08:58:44,0
715,31,info,A new feature has been released! Check it out.,2024-05-20 02:11:18,1
716,15,achievement,Congratulations! You completed a roadmap step.,2024-09-15 02:34:51,0
717,13,alert,Important: Your account will be reviewed soon.,2025-09-05 20:13:05,1
718,53,info,Your roadmap has been updated with new steps.,2023-03-17 18:35:53,1
719,53,reminder,You have unfinished steps waiting for you.,2025-05-05 17:50:02,1
720,37,reminder,Keep your momentum going—complete your roadmap today.,2024-08-17 08:20:09,0
721,19,reminder,Don’t forget to complete your pending steps today.,2023-06-26 06:16:13,0
722,37,system,System update applied successfully.,2025-01-23 00:40:28,1
723,7,reminder,Don’t forget to complete your pending steps today.,2024-11-10 17:13:36,0
724,69,system,System update applied successfully.,2024-05-07 13:01:54,0
725,14,info,A new feature has been released! Check it out.,2024-02-06 07:07:25,0
726,3,alert,Unusual login detected. Please verify your account.,2024-07-19 12:54:51,0
727,72,info,A new roadmap has been added to your dashboard.,2025-08-01 09:37:02,1
728,70,achievement,Amazing work! You finished the entire roadmap.,2025-08-21 13:57:42,1
729,39,achievement,Congratulations! You completed a roadmap step.,2023-03-22 12:24:10,1
730,40,system,System update applied successfully.,2023-08-21 02:01:46,0
731,26,info,Your roadmap has been updated with new steps.,2023-03-10 17:22:04,1
732,44,info,A new roadmap has been added to your dashboard.,2024-07-08 03:02:14,1
733,80,system,Scheduled maintenance will occur tonight.,2025-03-27 09:36:04,0
734,26,system,Your account settings were changed.,2025-05-09 15:54:23,0
735,12,alert,Unusual login detected. Please verify your account.,2024-02-28 09:10:36,1
736,59,alert,Your session expired. Please log in again.,2025-01-02 15:01:10,1
737,46,system,Scheduled maintenance will occur tonight.,2024-01-04 05:15:24,0
738,77,achievement,Congratulations! You completed a roadmap step.,2023-08-03 10:27:34,1
739,19,system,System update applied successfully.,2025-01-20 16:39:47,0
740,79,reminder,You have unfinished steps waiting for you.,2023-01-11 23:52:58,0
741,87,reminder,Keep your momentum going—complete your roadmap today.,2025-04-08 18:32:25,1
742,26,info,Weekly summary is now available.,2025-09-30 05:23:52,0
743,100,achievement,Congratulations! You completed a roadmap step.,2025-02-09 03:29:40,0
744,33,info,A new feature has been released! Check it out.,2023-01-25 14:22:57,1
745,97,alert,Important: Your account will be reviewed soon.,2024-12-09 04:06:49,0
746,44,info,Weekly summary is now available.,2025-06-04 22:23:57,1
747,46,alert,Unusual login detected. Please verify your account.,2023-03-08 13:55:06,0
748,7,reminder,Don’t forget to complete your pending steps today.,2025-10-04 17:16:08,1
749,55,system,Your account settings were changed.,2023-02-03 17:30:34,0
750,38,reminder,It’s time to continue your learning streak!,2025-03-17 02:43:29,0
751,100,reminder,You have unfinished steps waiting for you.,2023-11-21 02:33:01,0
752,52,info,Your roadmap has been updated with new steps.,2024-08-15 21:34:29,0
753,72,reminder,Don’t forget to complete your pending steps today.,2025-04-20 18:44:19,0
754,76,system,Scheduled maintenance will occur tonight.,2025-05-04 13:39:20,1
755,87,alert,Important: Your account will be reviewed soon.,2025-10-11 18:40:30,0
756,9,reminder,Don’t forget to complete your pending steps today.,2023-05-27 16:28:30,0
757,30,alert,Error loading your roadmap. Try again later.,2023-07-11 01:58:25,0
758,57,alert,Important: Your account will be reviewed soon.,2025-06-10 23:33:57,0
759,42,alert,Important: Your account will be reviewed soon.,2024-10-07 06:09:34,0
760,8,alert,Your session expired. Please log in again.,2023-02-11 10:32:48,1
761,71,achievement,You’ve earned a new badge for consistency.,2024-12-30 13:12:00,1
762,100,alert,Your session expired. Please log in again.,2024-03-26 12:12:23,0
763,32,reminder,Keep your momentum going—complete your roadmap today.,2023-11-20 00:50:43,0
764,96,achievement,You’ve earned a new badge for consistency.,2025-07-03 12:43:08,0
765,68,info,A new feature has been released! Check it out.,2023-11-25 22:33:17,0
766,86,system,Your account settings were changed.,2023-08-15 03:00:50,1
767,21,reminder,Keep your momentum going—complete your roadmap today.,2023-10-16 08:13:26,1
768,87,achievement,Amazing work! You finished the entire roadmap.,2025-02-21 14:20:54,0
769,85,reminder,It’s time to continue your learning streak!,2023-02-21 00:53:10,0
770,41,alert,Unusual login detected. Please verify your account.,2025-04-08 10:15:15,1
771,66,system,System update applied successfully.,2023-03-15 00:40:29,1
772,39,achievement,Congratulations! You completed a roadmap step.,2024-01-05 16:18:43,1
773,52,achievement,Congratulations! You completed a roadmap step.,2025-05-25 22:22:10,0
774,79,alert,Your session expired. Please log in again.,2023-06-14 01:57:56,1
775,98,alert,Unusual login detected. Please verify your account.,2023-08-27 15:24:34,0
776,56,achievement,Your roadmap completion just hit 50%!,2025-09-24 13:27:43,1
777,25,achievement,Congratulations! You completed a roadmap step.,2024-06-02 11:59:46,0
778,63,info,Weekly summary is now available.,2024-06-18 22:21:33,0
779,70,system,New privacy policy updates are available.,2025-06-04 16:07:51,1
780,4,info,A new roadmap has been added to your dashboard.,2024-03-25 08:42:03,1
781,60,info,A new feature has been released! Check it out.,2024-03-13 21:31:40,0
782,3,reminder,Don’t forget to complete your pending steps today.,2024-03-03 08:35:52,0
783,27,info,A new feature has been released! Check it out.,2023-05-30 03:26:40,0
784,40,info,A new feature has been released! Check it out.,2023-05-09 18:56:51,0
785,96,system,Scheduled maintenance will occur tonight.,2024-09-24 02:52:29,1
786,83,reminder,You have unfinished steps waiting for you.,2023-06-30 12:29:24,0
787,68,info,Your roadmap has been updated with new steps.,2023-01-17 13:59:46,1
788,4,alert,Important: Your account will be reviewed soon.,2023-10-26 22:29:51,0
789,5,achievement,Congratulations! You completed a roadmap step.,2025-05-18 01:36:05,1
790,23,achievement,Your roadmap completion just hit 50%!,2025-02-07 19:30:57,1
791,5,alert,Important: Your account will be reviewed soon.,2025-03-12 02:00:52,1
792,51,alert,Your session expired. Please log in again.,2023-08-31 15:12:43,0
793,14,info,A new feature has been released! Check it out.,2023-12-02 11:11:22,1
794,96,achievement,You’ve earned a new badge for consistency.,2023-10-05 08:39:18,1
795,18,info,Weekly summary is now available.,2025-09-01 21:13:33,1
796,29,alert,Important: Your account will be reviewed soon.,2023-03-04 17:27:44,0
797,19,info,Your roadmap has been updated with new steps.,2025-04-14 05:14:07,0
798,85,info,A new roadmap has been added to your dashboard.,2023-06-21 06:56:58,1
799,49,achievement,You’ve earned a new badge for consistency.,2023-07-07 10:07:02,0
800,30,achievement,Congratulations! You completed a roadmap step.,2024-09-28 01:26:23,0
801,51,achievement,Amazing work! You finished the entire roadmap.,2023-10-02 23:03:25,1
802,97,system,System update applied successfully.,2024-04-02 18:14:22,0
803,9,alert,Error loading your roadmap. Try again later.,2024-12-11 10:30:40,1
804,91,achievement,You’ve earned a new badge for consistency.,2023-12-25 12:02:07,0
805,26,reminder,You have unfinished steps waiting for you.,2024-05-26 12:52:39,0
806,26,system,Your account settings were changed.,2024-12-29 00:12:09,0
807,97,info,Weekly summary is now available.,2025-09-09 01:01:20,0
808,87,info,Your roadmap has been updated with new steps.,2024-06-09 04:04:13,1
809,8,system,System update applied successfully.,2025-04-22 22:48:51,0
810,97,system,New privacy policy updates are available.,2024-12-31 16:37:51,0
811,15,info,A new roadmap has been added to your dashboard.,2024-10-07 17:40:59,1
812,34,achievement,Congratulations! You completed a roadmap step.,2025-02-11 16:07:28,0
813,34,reminder,It’s time to continue your learning streak!,2024-11-15 10:16:08,0
814,13,reminder,Don’t forget to complete your pending steps today.,2023-08-15 03:42:24,0
815,52,info,A new roadmap has been added to your dashboard.,2024-05-11 12:11:36,1
816,28,info,A new feature has been released! Check it out.,2024-09-17 19:03:50,1
817,63,alert,Unusual login detected. Please verify your account.,2025-07-30 03:19:49,1
818,43,achievement,Congratulations! You completed a roadmap step.,2024-05-15 07:04:15,1
819,38,achievement,Amazing work! You finished the entire roadmap.,2024-10-09 17:42:03,1
820,16,system,Scheduled maintenance will occur tonight.,2024-11-18 11:58:01,1
821,93,alert,Error loading your roadmap. Try again later.,2023-01-18 06:41:30,0
822,54,info,Weekly summary is now available.,2025-04-02 19:24:57,0
823,26,reminder,Don’t forget to complete your pending steps today.,2024-02-16 10:26:40,0
824,62,system,Your account settings were changed.,2023-07-24 03:41:47,1
825,15,reminder,It’s time to continue your learning streak!,2025-07-28 05:25:44,0
826,92,system,Your account settings were changed.,2023-11-26 12:26:46,1
827,14,reminder,Don’t forget to complete your pending steps today.,2024-03-31 13:19:54,0
828,47,alert,Your session expired. Please log in again.,2025-08-08 11:26:48,0
829,61,achievement,Congratulations! You completed a roadmap step.,2025-07-31 05:50:16,1
830,20,system,Scheduled maintenance will occur tonight.,2023-04-12 14:44:43,1
831,44,info,Your roadmap has been updated with new steps.,2023-05-22 23:37:13,1
832,14,alert,Unusual login detected. Please verify your account.,2023-02-13 11:05:12,1
833,30,alert,Important: Your account will be reviewed soon.,2023-08-10 07:19:44,0
834,3,info,Your roadmap has been updated with new steps.,2024-11-27 09:23:49,1
835,4,alert,Important: Your account will be reviewed soon.,2024-01-08 09:26:34,0
836,37,reminder,Keep your momentum going—complete your roadmap today.,2024-11-20 22:20:53,0
837,20,reminder,You have unfinished steps waiting for you.,2025-03-02 08:55:58,0
838,18,info,A new roadmap has been added to your dashboard.,2023-07-31 09:38:33,1
839,60,alert,Important: Your account will be reviewed soon.,2024-02-27 01:18:22,1
840,37,system,Scheduled maintenance will occur tonight.,2024-09-04 22:49:51,1
841,73,system,Scheduled maintenance will occur tonight.,2023-04-08 01:09:54,1
842,1,info,Your roadmap has been updated with new steps.,2025-07-09 14:14:33,0
843,41,achievement,Your roadmap completion just hit 50%!,2024-01-10 08:33:24,0
844,69,info,Your roadmap has been updated with new steps.,2025-04-24 07:15:10,0
845,29,achievement,You’ve earned a new badge for consistency.,2023-01-16 00:42:39,0
