team_id,hackathon_id,team_name,team_members,user_id
1,52,AI Crusaders,"Bilal Khan, Noor Iqbal, Maryam Malik",4
2,69,AI Squad,"Hina Rehman, Bilal Fatima, Hina Malik",36
3,73,Cyber Warriors,"Saad Saeed, Ahmed Ahmed, Noor Siddiqui, Ayesha Fatima",44
4,62,Code Crusaders,"Noor Rehman, Noor Ahmed, Laiba Rehman, Zara Raza, Fariha Malik",19
5,78,Pixel Builders,"Zara Iqbal, Ayesha Malik, Laiba Ahmed",86
6,31,Pixel Coders,"Fariha Shaikh, Zain Khan, Maryam Khan, Hassan Ahmed",66
7,1,Quantum Coders,"Laiba Raza, Noor Iqbal, Zain Malik, Noor Siddiqui",23
8,43,Code Crusaders,"Laiba Khan, Zara Raza, Fariha Iqbal, Hina Saeed, Zain Fatima",68
9,37,AI Builders,"Hassan Rehman, Hassan Iqbal, Ahmed Malik",8
10,2,AI Crusaders,"Hassan Fatima, Raza Shaikh, Noor Rehman, Laiba Ahmed, Noor Iqbal",13
11,62,AI Creators,"Fatima Iqbal, Saad Iqbal, Zain Malik, Bilal Malik",39
12,97,Quantum Builders,"Ali Ahmed, Fariha Khan, Hina Ahmed, Fatima Saeed, Zara Shaikh",23
13,3,Cyber Warriors,"Maryam Fatima, Ahmed Fatima, Ayesha Fatima",61
14,10,Cyber Innovators,"Zara Fatima, Ayesha Shaikh, Noor Malik, Hassan Fatima",94
15,4,Future Squad,"Maryam Siddiqui, Fariha Shaikh, Maryam Saeed, Ahmed Khan, Bilal Raza",21
16,30,Data Builders,"Bilal Saeed, Fatima Iqbal, Fariha Rehman, Maryam Fatima",68
17,14,Pixel Creators,"Ali Fatima, Hina Rehman, Ayesha Siddiqui",59
18,96,Cyber Innovators,"Hina Shaikh, Zain Shaikh, Hassan Iqbal, Zain Malik",65
19,13,Pixel Creators,"Ayesha Raza, Ali Khan, Zara Malik, Raza Malik",19
20,51,Tech Creators,"Ali Iqbal, Noor Khan, Ahmed Saeed, Noor Fatima",64
21,22,Future Titans,"Maryam Iqbal, Raza Saeed, Saad Saeed",72
22,39,Tech Builders,"Fariha Iqbal, Laiba Fatima, Hina Fatima, Bilal Saeed, Bilal Siddiqui",68
23,1,Tech Builders,"Zain Rehman, Noor Shaikh, Fatima Rehman, Ali Iqbal, Raza Siddiqui",36
24,22,Tech Warriors,"Laiba Khan, Ayesha Rehman, Raza Saeed",29
25,26,Pixel Crusaders,"Zain Fatima, Laiba Malik, Ahmed Fatima",29
26,57,Smart Builders,"Ayesha Ahmed, Ahmed Iqbal, Ali Raza, Hassan Rehman, Maryam Raza",99
27,27,Future Squad,"Zara Iqbal, Laiba Iqbal, Saad Ahmed, Zain Khan",18
28,49,Tech Hackers,"Noor Fatima, Hina Ahmed, Fatima Rehman, Zain Siddiqui, Ali Siddiqui",56
29,7,Code Innovators,"Hina Fatima, Ali Iqbal, Bilal Ahmed, Hassan Iqbal, Ali Malik",26
30,83,Code Creators,"Saad Shaikh, Fatima Siddiqui, Hassan Iqbal, Noor Rehman, Ahmed Khan",87
31,14,Future Masters,"Laiba Siddiqui, Saad Rehman, Ayesha Rehman",4
32,65,Smart Titans,"Fatima Fatima, Ayesha Rehman, Zara Ahmed",22
33,19,Tech Coders,"Maryam Ahmed, Noor Rehman, Bilal Saeed, Hina Fatima",71
34,98,Data Creators,"Noor Malik, Laiba Khan, Fatima Ahmed",28
35,98,Pixel Masters,"Fatima Raza, Hassan Siddiqui, Ali Ahmed",25
36,19,Tech Builders,"Zain Shaikh, Ayesha Malik, Hassan Fatima, Maryam Saeed, Saad Malik",98
37,98,AI Coders,"Fatima Fatima, Saad Fatima, Maryam Raza",10
38,5,AI Innovators,"Ayesha Siddiqui, Hina Siddiqui, Ahmed Shaikh, Bilal Shaikh, Fariha Siddiqui",94
39,62,Pixel Masters,"Noor Siddiqui, Maryam Shaikh, Fatima Fatima, Zara Shaikh",61
40,47,Code Titans,"Maryam Siddiqui, Laiba Iqbal, Hina Siddiqui",59
41,54,Tech Squad,"Maryam Ahmed, Noor Fatima, Fatima Malik, Hina Fatima, Hina Malik",44
42,76,Tech Warriors,"Laiba Rehman, Ayesha Rehman, Zara Ahmed, Fariha Fatima, Ayesha Raza",39
43,37,Cyber Crusaders,"Zain Malik, Zain Raza, Zara Saeed, Maryam Saeed",27
44,50,Code Coders,"Noor Rehman, Ali Khan, Fariha Ahmed, Zara Shaikh",2
45,22,Future Creators,"Bilal Iqbal, Zain Saeed, Raza Fatima",26
46,64,Tech Innovators,"Saad Saeed, Laiba Rehman, Hina Iqbal, Zara Saeed",45
47,78,AI Titans,"Zara Ahmed, Ahmed Shaikh, Ali Shaikh",38
48,9,AI Coders,"Zara Rehman, Zain Saeed, Zara Fatima",11
49,70,Smart Squad,"Fariha Raza, Raza Fatima, Hina Ahmed, Hina Ahmed",98
50,88,Quantum Innovators,"Hassan Ahmed, Fariha Siddiqui, Laiba Raza",3
51,56,Robo Innovators,"Saad Raza, Raza Iqbal, Fatima Saeed, Bilal Rehman",62
52,38,Code Titans,"Laiba Fatima, Hassan Iqbal, Ali Siddiqui, Ahmed Iqbal, Ali Iqbal",47
53,52,Data Warriors,"Ahmed Shaikh, Zara Khan, Noor Khan, Ali Shaikh, Bilal Ahmed",100
54,55,Pixel Innovators,"Laiba Rehman, Fatima Iqbal, Hina Saeed",55
55,26,AI Coders,"Hina Khan, Hina Raza, Fariha Malik, Fariha Saeed, Hina Fatima",99
56,57,Robo Warriors,"Fatima Siddiqui, Saad Saeed, Saad Iqbal, Hina Rehman, Saad Raza",45
57,56,Tech Coders,"Saad Khan, Noor Malik, Maryam Fatima, Fariha Khan",55
58,67,Pixel Hackers,"Ahmed Raza, Bilal Fatima, Ali Ahmed",76
59,4,Pixel Innovators,"Hassan Rehman, Fariha Saeed, Bilal Malik, Maryam Siddiqui",90
60,52,Pixel Squad,"Ahmed Fatima, Fariha Khan, Laiba Fatima",36
61,2,Pixel Builders,"Saad Raza, Hassan Rehman, Hassan Ahmed, Ayesha Rehman, Hina Iqbal",94
62,55,AI Hackers,"Ali Malik, Noor Iqbal, Saad Saeed",97
63,5,Cyber Builders,"Ayesha Raza, Zain Fatima, Raza Iqbal",98
64,42,Data Hackers,"Fatima Shaikh, Laiba Rehman, Raza Raza",74
65,3,Quantum Coders,"Hina Saeed, Noor Raza, Noor Fatima, Noor Shaikh, Ayesha Saeed",20
66,84,AI Titans,"Saad Iqbal, Fatima Malik, Hina Shaikh, Bilal Malik, Fariha Khan",57
67,67,Cyber Builders,"Zain Ahmed, Noor Fatima, Ayesha Siddiqui",2
68,50,Tech Coders,"Ali Ahmed, Fariha Saeed, Hina Khan, Bilal Malik, Fariha Malik",43
69,23,Smart Creators,"Zara Khan, Noor Shaikh, Maryam Fatima, Bilal Shaikh, Zara Saeed",97
70,27,Tech Creators,"Bilal Ahmed, Zara Ahmed, Fatima Iqbal, Hassan Saeed, Laiba Ahmed",23
71,32,Pixel Innovators,"Maryam Malik, Zain Raza, Ayesha Siddiqui, Bilal Khan",88
72,46,Smart Coders,"Fatima Khan, Zain Rehman, Laiba Raza, Laiba Siddiqui",94
73,29,Future Coders,"Raza Ahmed, Hina Malik, Ahmed Raza, Fariha Iqbal, Noor Raza",63
74,56,Future Squad,"Ali Khan, Zara Shaikh, Ali Fatima, Saad Malik, Saad Khan",65
75,58,Data Warriors,"Raza Saeed, Zain Malik, Noor Ahmed, Ayesha Malik",27
76,40,Smart Builders,"Fariha Iqbal, Raza Siddiqui, Zain Shaikh, Hina Raza",2
77,75,AI Creators,"Hassan Iqbal, Zara Raza, Saad Ahmed",2
78,79,Data Warriors,"Ahmed Raza, Maryam Malik, Noor Khan, Saad Iqbal",77
79,32,Cyber Creators,"Laiba Rehman, Noor Shaikh, Ayesha Fatima, Ali Raza",51
80,1,Smart Titans,"Fariha Iqbal, Zara Shaikh, Zain Khan, Maryam Siddiqui",39
81,45,Data Crusaders,"Fatima Ahmed, Fatima Raza, Ahmed Fatima, Maryam Siddiqui",74
82,56,Cyber Warriors,"Hina Fatima, Saad Ahmed, Maryam Fatima, Saad Raza",54
83,42,Tech Coders,"Fariha Siddiqui, Noor Ahmed, Saad Ahmed",83
84,96,Future Crusaders,"Ali Saeed, Fariha Iqbal, Maryam Ahmed, Saad Saeed",88
85,73,AI Crusaders,"Maryam Saeed, Bilal Shaikh, Zara Ahmed, Noor Khan",48
86,37,Cyber Coders,"Ahmed Shaikh, Saad Shaikh, Bilal Saeed",41
87,48,Tech Titans,"Ayesha Khan, Fatima Malik, Ahmed Saeed, Maryam Fatima",81
88,4,Smart Crusaders,"Ali Saeed, Ahmed Saeed, Saad Saeed, Ahmed Iqbal, Noor Iqbal",14
89,63,Smart Warriors,"Zain Fatima, Ahmed Fatima, Bilal Shaikh",61
90,78,Pixel Innovators,"Laiba Rehman, Fatima Fatima, Laiba Shaikh, Hina Iqbal, Bilal Saeed",24
91,46,Future Titans,"Noor Raza, Hina Malik, Bilal Saeed, Fatima Shaikh, Hina Malik",78
92,6,Data Builders,"Laiba Shaikh, Zara Ahmed, Zara Ahmed, Ayesha Saeed",64
93,48,AI Titans,"Fatima Ahmed, Noor Iqbal, Fatima Rehman, Saad Shaikh",77
94,4,Code Crusaders,"Fatima Raza, Zain Ahmed, Noor Khan, Noor Iqbal",69
95,18,AI Coders,"Ayesha Raza, Laiba Iqbal, Hassan Khan, Hina Iqbal",25
96,72,Code Masters,"Ali Ahmed, Hassan Saeed, Ayesha Malik",59
97,78,Smart Masters,"Fatima Ahmed, Noor Khan, Hassan Siddiqui, Ahmed Raza, Fatima Iqbal",43
98,62,Smart Squad,"Laiba Siddiqui, Fatima Rehman, Maryam Ahmed, Laiba Rehman",83
99,55,AI Builders,"Saad Malik, Fariha Siddiqui, Zain Iqbal",23
100,8,Data Masters,"Bilal Iqbal, Fatima Rehman, Fatima Shaikh, Hina Shaikh, Raza Shaikh",66
101,30,AI Creators,"Saad Malik, Hassan Shaikh, Maryam Saeed, Maryam Siddiqui",79
102,31,Data Builders,"Zara Ahmed, Hina Malik, Ali Siddiqui, Raza Shaikh",70
103,21,Quantum Creators,"Maryam Siddiqui, Hina Siddiqui, Ayesha Shaikh, Zara Malik, Ali Malik",61
104,26,Tech Titans,"Fatima Fatima, Hina Rehman, Noor Iqbal, Hassan Rehman, Ali Rehman",76
105,52,Cyber Innovators,"Ahmed Siddiqui, Saad Siddiqui, Ayesha Ahmed, Bilal Rehman, Ahmed Rehman",24
106,57,Cyber Hackers,"Bilal Raza, Fariha Raza, Raza Fatima, Fariha Saeed, Ali Ahmed",87
107,84,Cyber Hackers,"Zain Fatima, Hassan Ahmed, Hina Iqbal",90
108,36,Pixel Coders,"Zara Malik, Bilal Khan, Maryam Iqbal, Bilal Malik",72
109,10,Quantum Titans,"Bilal Raza, Fatima Ahmed, Ayesha Fatima, Ayesha Raza",77
110,58,Data Masters,"Laiba Malik, Ahmed Malik, Laiba Fatima, Hassan Raza, Hina Raza",1
111,94,Future Titans,"Saad Siddiqui, Fariha Iqbal, Bilal Saeed, Zain Siddiqui, Noor Shaikh",94
112,2,Smart Coders,"Zain Shaikh, Ayesha Shaikh, Zara Siddiqui, Laiba Raza, Noor Shaikh",50
113,23,Code Innovators,"Ali Shaikh, Ali Ahmed, Fariha Shaikh",35
114,76,Cyber Creators,"Saad Rehman, Laiba Khan, Ayesha Rehman",18
115,6,Tech Crusaders,"Raza Khan, Hassan Iqbal, Laiba Shaikh, Fatima Khan, Saad Khan",70
116,48,Code Squad,"Zain Ahmed, Raza Shaikh, Maryam Shaikh, Laiba Malik",4
117,58,AI Innovators,"Saad Khan, Bilal Fatima, Noor Malik, Maryam Fatima",90
118,49,Quantum Titans,"Bilal Rehman, Laiba Khan, Hassan Iqbal",37
119,41,Data Hackers,"Raza Khan, Ayesha Khan, Saad Khan",10
120,62,Pixel Creators,"Ahmed Ahmed, Ahmed Ahmed, Ali Fatima, Ali Khan, Noor Raza",91
121,1,Data Hackers,"Ahmed Iqbal, Zara Siddiqui, Zain Iqbal",6
122,53,Robo Hackers,"Maryam Iqbal, Fariha Saeed, Fariha Raza",36
123,51,Code Squad,"Noor Khan, Hassan Raza, Raza Raza, Fariha Shaikh",14
124,39,AI Squad,"Raza Shaikh, Bilal Ahmed, Noor Ahmed, Fatima Shaikh, Fatima Khan",93
125,41,Future Builders,"Fatima Fatima, Fariha Fatima, Laiba Fatima, Maryam Malik",58
126,74,Code Builders,"Noor Khan, Saad Ahmed, Laiba Shaikh, Laiba Raza, Saad Siddiqui",75
127,26,Code Coders,"Zara Rehman, Hina Iqbal, Maryam Fatima",91
128,67,AI Squad,"Hassan Ahmed, Ahmed Rehman, Laiba Malik",26
129,25,AI Hackers,"Zain Shaikh, Ayesha Siddiqui, Laiba Malik",21
130,28,Pixel Creators,"Ahmed Saeed, Bilal Fatima, Bilal Khan",45
131,95,Smart Builders,"Ali Iqbal, Bilal Ahmed, Noor Iqbal",54
132,29,Future Crusaders,"Hassan Malik, Raza Saeed, Zara Khan",74
133,50,AI Titans,"Noor Malik, Zara Khan, Ali Saeed",44
134,58,Smart Innovators,"Ayesha Siddiqui, Raza Khan, Ali Saeed, Maryam Iqbal, Hassan Khan",57
135,7,Smart Titans,"Ali Siddiqui, Noor Shaikh, Hina Malik, Zain Malik",27
136,18,Quantum Coders,"Ali Shaikh, Laiba Malik, Fariha Ahmed",47
137,58,Quantum Builders,"Maryam Shaikh, Zara Rehman, Hassan Khan, Fatima Saeed",65
138,30,Data Coders,"Noor Raza, Laiba Siddiqui, Zain Fatima, Saad Fatima, Saad Raza",91
139,1,Code Hackers,"Laiba Shaikh, Hassan Ahmed, Hina Ahmed, Bilal Malik, Bilal Rehman",9
140,86,Code Builders,"Ahmed Raza, Noor Fatima, Maryam Malik, Fatima Khan, Hina Malik",77
141,49,Smart Creators,"Laiba Saeed, Saad Raza, Zain Ahmed",10
142,50,Code Masters,"Hina Iqbal, Zain Siddiqui, Maryam Rehman, Fatima Fatima, Ayesha Iqbal",100
143,96,AI Crusaders,"Fatima Khan, Zain Saeed, Hina Khan",47
144,21,Data Titans,"Ahmed Ahmed, Fariha Shaikh, Bilal Malik, Saad Malik",100
145,31,Tech Squad,"Noor Shaikh, Ayesha Ahmed, Saad Shaikh",54
146,58,Future Warriors,"Fariha Ahmed, Saad Saeed, Hina Iqbal",71
147,4,Smart Titans,"Hassan Ahmed, Hassan Shaikh, Bilal Fatima, Maryam Khan, Saad Rehman",20
148,39,Code Squad,"Ayesha Raza, Ahmed Malik, Ayesha Siddiqui, Fatima Ahmed",50
149,83,Cyber Masters,"Hassan Iqbal, Bilal Raza, Noor Shaikh, Ahmed Rehman",62
150,34,Smart Squad,"Fariha Siddiqui, Ahmed Fatima, Bilal Fatima, Maryam Fatima, Laiba Khan",92
151,61,Robo Hackers,"Raza Malik, Hina Malik, Raza Malik, Fariha Khan",54
152,45,Code Creators,"Ali Shaikh, Fariha Raza, Ayesha Iqbal, Zain Shaikh, Ayesha Ahmed",11
153,82,Smart Innovators,"Ayesha Siddiqui, Ahmed Shaikh, Fatima Khan",79
154,81,Cyber Titans,"Ahmed Malik, Ali Iqbal, Saad Iqbal, Zara Shaikh, Fatima Malik",18
155,70,Smart Crusaders,"Ali Khan, Zara Fatima, Zara Shaikh, Hina Malik",16
156,86,Smart Coders,"Ahmed Rehman, Hassan Rehman, Hina Fatima",37
157,43,Cyber Builders,"Ali Rehman, Raza Khan, Noor Siddiqui, Ahmed Rehman",52
158,37,Pixel Coders,"Laiba Siddiqui, Bilal Raza, Ahmed Fatima, Noor Saeed, Fariha Ahmed",23
159,82,Tech Hackers,"Raza Saeed, Fatima Shaikh, Raza Ahmed, Bilal Raza",26
160,58,Robo Warriors,"Ayesha Raza, Fariha Rehman, Maryam Saeed, Saad Khan",84
161,17,Future Hackers,"Laiba Shaikh, Zara Rehman, Fariha Khan, Maryam Raza",8
162,42,Smart Warriors,"Ayesha Siddiqui, Raza Saeed, Ali Ahmed",55
163,55,Robo Warriors,"Ahmed Saeed, Ali Siddiqui, Hassan Shaikh, Noor Malik",55
164,68,Smart Innovators,"Hina Ahmed, Fariha Malik, Bilal Malik, Ahmed Raza, Bilal Shaikh",53
165,59,AI Creators,"Saad Ahmed, Maryam Malik, Raza Siddiqui, Fatima Fatima",7
166,37,Data Builders,"Hassan Shaikh, Bilal Rehman, Saad Ahmed",7
167,22,Quantum Crusaders,"Saad Saeed, Raza Ahmed, Hassan Shaikh, Bilal Fatima, Zara Malik",39
168,66,Pixel Builders,"Saad Saeed, Ayesha Iqbal, Hina Fatima, Hassan Raza",80
169,4,Data Creators,"Raza Fatima, Hassan Saeed, Fariha Malik",93
170,9,Pixel Masters,"Hassan Raza, Maryam Rehman, Zain Fatima",2
171,62,Pixel Hackers,"Hassan Khan, Bilal Shaikh, Raza Khan",16
172,70,AI Warriors,"Bilal Khan, Saad Raza, Fatima Ahmed",41
173,85,Future Squad,"Hina Iqbal, Ahmed Fatima, Bilal Malik",44
174,17,Future Builders,"Hina Raza, Zain Saeed, Bilal Ahmed, Hina Siddiqui, Saad Shaikh",46
175,84,Code Creators,"Maryam Ahmed, Bilal Fatima, Noor Malik, Ayesha Iqbal",93
176,14,Future Coders,"Laiba Ahmed, Raza Malik, Saad Fatima, Ayesha Iqbal",82
177,91,Future Creators,"Bilal Rehman, Saad Rehman, Bilal Khan, Hassan Saeed",10
178,33,Robo Masters,"Hassan Raza, Maryam Ahmed, Ayesha Fatima, Hassan Ahmed, Fariha Khan",77
179,43,Data Innovators,"Ahmed Khan, Hina Raza, Ahmed Siddiqui, Fariha Siddiqui",95
180,41,Robo Hackers,"Saad Khan, Zain Iqbal, Saad Ahmed, Zain Shaikh, Saad Iqbal",35
181,55,Tech Masters,"Ali Siddiqui, Ali Siddiqui, Raza Khan",32
182,82,AI Squad,"Zain Fatima, Ayesha Raza, Laiba Khan, Fariha Khan",53
183,58,AI Hackers,"Zara Iqbal, Laiba Fatima, Saad Iqbal",80
184,21,Cyber Squad,"Laiba Khan, Hina Khan, Hina Malik, Bilal Ahmed",74
185,34,Future Squad,"Laiba Shaikh, Zain Khan, Ahmed Fatima",47
186,36,Smart Creators,"Saad Saeed, Zara Shaikh, Laiba Saeed, Zara Shaikh",60
187,9,Data Creators,"Bilal Malik, Laiba Khan, Fariha Raza",83
188,91,Tech Crusaders,"Ahmed Raza, Fariha Rehman, Noor Khan, Fariha Khan",56
189,70,Robo Creators,"Fariha Siddiqui, Hina Saeed, Ahmed Fatima, Maryam Rehman",5
190,63,Cyber Squad,"Hassan Fatima, Hina Rehman, Hina Saeed, Raza Saeed, Fariha Iqbal",43
191,32,Robo Masters,"Fatima Saeed, Fariha Shaikh, Hassan Shaikh, Ayesha Malik",97
192,64,Cyber Coders,"Ayesha Iqbal, Raza Malik, Noor Saeed, Ali Rehman",56
193,41,Robo Titans,"Fariha Siddiqui, Hassan Raza, Saad Raza, Bilal Shaikh, Saad Fatima",58
194,53,Code Hackers,"Saad Ahmed, Raza Rehman, Saad Siddiqui",2
195,56,Tech Hackers,"Saad Siddiqui, Fariha Siddiqui, Noor Rehman",95
196,22,Quantum Hackers,"Laiba Malik, Fatima Shaikh, Saad Fatima, Ali Malik",9
197,88,Robo Titans,"Zara Khan, Bilal Saeed, Laiba Khan",16
198,13,AI Masters,"Zara Khan, Fariha Saeed, Laiba Rehman, Maryam Shaikh",76
199,43,Future Squad,"Fariha Fatima, Bilal Saeed, Ahmed Rehman",42
200,7,Cyber Squad,"Laiba Rehman, Raza Ahmed, Saad Malik, Fariha Iqbal",91
201,34,Code Hackers,"Ahmed Ahmed, Fariha Rehman, Laiba Siddiqui, Hassan Ahmed, Hina Saeed",65
202,70,Data Innovators,"Ahmed Fatima, Fatima Shaikh, Zara Saeed, Noor Siddiqui, Fatima Ahmed",67
203,96,AI Titans,"Fatima Rehman, Ayesha Malik, Ayesha Rehman",82
204,3,Code Titans,"Zara Malik, Zara Iqbal, Laiba Iqbal, Saad Malik",39
205,81,AI Builders,"Hassan Siddiqui, Bilal Siddiqui, Fatima Khan",2
206,85,Cyber Squad,"Hina Fatima, Fariha Malik, Bilal Raza, Laiba Iqbal, Zain Khan",70
207,79,AI Coders,"Ali Siddiqui, Ali Saeed, Noor Ahmed",76
208,84,Data Innovators,"Fatima Raza, Laiba Rehman, Ayesha Fatima",41
209,7,Code Hackers,"Ahmed Raza, Fariha Siddiqui, Noor Iqbal, Zain Rehman",4
210,11,Code Titans,"Zara Shaikh, Bilal Khan, Fariha Iqbal, Ali Raza",51
211,36,Code Warriors,"Hassan Fatima, Maryam Malik, Fariha Fatima, Hina Fatima, Zain Saeed",83
212,8,Smart Innovators,"Ali Siddiqui, Ahmed Iqbal, Fatima Malik",62
213,15,AI Builders,"Fariha Siddiqui, Ahmed Ahmed, Ayesha Khan, Zara Iqbal",2
214,50,Data Builders,"Saad Iqbal, Bilal Saeed, Zain Rehman, Ali Saeed, Laiba Ahmed",72
215,70,Tech Innovators,"Raza Raza, Saad Iqbal, Hassan Rehman, Fariha Malik",53
216,31,Smart Squad,"Ayesha Raza, Raza Ahmed, Ayesha Raza, Ahmed Ahmed, Ayesha Siddiqui",19
217,68,Robo Coders,"Laiba Khan, Saad Fatima, Ayesha Shaikh",65
218,29,Robo Masters,"Saad Malik, Bilal Saeed, Hassan Siddiqui, Fatima Siddiqui",46
219,18,Robo Masters,"Ayesha Malik, Ayesha Malik, Hina Fatima, Noor Siddiqui, Hassan Raza",92
220,17,Tech Crusaders,"Hassan Rehman, Zain Khan, Hassan Siddiqui, Ahmed Raza, Laiba Fatima",29
221,71,Data Builders,"Maryam Malik, Zara Malik, Fatima Iqbal, Ahmed Malik",100
222,59,Data Innovators,"Saad Siddiqui, Fatima Siddiqui, Maryam Khan, Laiba Khan, Noor Ahmed",91
223,41,Future Coders,"Ali Siddiqui, Hassan Iqbal, Hassan Malik, Zain Rehman",24
224,37,Smart Titans,"Bilal Ahmed, Hina Khan, Hassan Malik, Laiba Siddiqui",14
225,31,Pixel Coders,"Laiba Malik, Hassan Ahmed, Fariha Ahmed, Zain Raza, Noor Ahmed",37
226,60,Cyber Warriors,"Fariha Siddiqui, Saad Raza, Ahmed Iqbal",92
227,25,Robo Squad,"Ali Rehman, Saad Khan, Ahmed Siddiqui, Hina Raza",100
228,40,Smart Squad,"Hina Siddiqui, Hassan Siddiqui, Noor Rehman, Hassan Siddiqui, Bilal Malik",32
229,27,Cyber Innovators,"Hassan Ahmed, Ali Raza, Zara Fatima",18
230,13,Pixel Innovators,"Ali Ahmed, Hina Saeed, Saad Rehman, Zara Rehman, Saad Malik",10
231,3,Code Builders,"Fariha Iqbal, Laiba Malik, Ahmed Saeed, Hina Khan, Ayesha Shaikh",84
232,44,Tech Builders,"Ayesha Raza, Ali Siddiqui, Maryam Raza",36
233,44,Code Warriors,"Ali Khan, Fatima Shaikh, Noor Siddiqui, Saad Shaikh",88
234,56,Tech Builders,"Hassan Rehman, Zara Shaikh, Ahmed Khan, Bilal Khan, Ahmed Ahmed",87
235,67,Tech Crusaders,"Fatima Shaikh, Zain Siddiqui, Bilal Iqbal, Raza Iqbal, Zara Shaikh",86
236,29,Tech Squad,"Zara Khan, Ali Iqbal, Raza Raza, Hina Shaikh, Noor Rehman",89
237,11,Code Hackers,"Ahmed Ahmed, Bilal Siddiqui, Raza Siddiqui, Bilal Shaikh, Zain Shaikh",61
238,91,Smart Hackers,"Ali Rehman, Ahmed Khan, Ali Saeed, Zara Siddiqui, Saad Khan",18
239,79,Quantum Warriors,"Laiba Iqbal, Laiba Ahmed, Maryam Ahmed, Maryam Rehman, Zain Khan",79
240,33,Quantum Crusaders,"Raza Rehman, Ahmed Raza, Hassan Iqbal, Zain Iqbal",89
241,80,AI Hackers,"Ayesha Raza, Saad Ahmed, Ahmed Shaikh",81
242,48,Data Titans,"Zara Ahmed, Laiba Fatima, Hina Raza",4
243,50,Code Coders,"Fatima Saeed, Noor Raza, Ali Iqbal, Saad Raza",17
244,68,Tech Masters,"Hassan Saeed, Zain Fatima, Hassan Ahmed, Hina Iqbal, Laiba Khan",23
245,36,Code Masters,"Saad Fatima, Zain Malik, Maryam Fatima, Saad Malik",11
246,35,Cyber Masters,"Zara Saeed, Saad Khan, Ahmed Iqbal, Fatima Ahmed",62
247,73,Robo Squad,"Zain Shaikh, Hina Fatima, Raza Ahmed",21
248,93,Tech Hackers,"Ayesha Saeed, Fatima Fatima, Zain Iqbal, Fatima Iqbal, Hassan Raza",6
249,46,Pixel Warriors,"Ahmed Shaikh, Laiba Malik, Fariha Rehman",96
250,83,Cyber Innovators,"Maryam Malik, Maryam Ahmed, Fatima Raza",46
251,72,AI Crusaders,"Hassan Raza, Saad Saeed, Ayesha Iqbal",76
252,87,AI Warriors,"Laiba Raza, Laiba Fatima, Hassan Malik, Ali Ahmed",83
253,33,Data Coders,"Saad Raza, Noor Iqbal, Fariha Raza, Maryam Fatima",2
254,71,Code Crusaders,"Saad Fatima, Noor Shaikh, Raza Raza",78
255,38,Smart Masters,"Fariha Fatima, Bilal Raza, Noor Rehman, Maryam Iqbal, Fariha Ahmed",50
256,85,Smart Crusaders,"Fariha Siddiqui, Saad Malik, Bilal Iqbal",69
257,9,Cyber Creators,"Bilal Iqbal, Fariha Khan, Saad Rehman, Zain Khan, Raza Fatima",23
258,64,Cyber Masters,"Fatima Khan, Fariha Siddiqui, Laiba Iqbal",31
259,2,Cyber Warriors,"Maryam Khan, Zara Malik, Saad Rehman, Bilal Khan, Ayesha Khan",98
260,79,Cyber Crusaders,"Raza Malik, Maryam Shaikh, Zara Iqbal, Noor Shaikh, Fariha Malik",55
261,58,Pixel Warriors,"Zain Fatima, Raza Iqbal, Zain Raza",24
262,10,Code Warriors,"Hina Iqbal, Zara Raza, Fariha Malik, Bilal Saeed, Ali Fatima",74
263,14,Cyber Masters,"Raza Rehman, Raza Shaikh, Laiba Rehman",76
264,27,Future Coders,"Fatima Ahmed, Noor Malik, Zain Ahmed, Bilal Saeed",69
265,57,AI Warriors,"Bilal Khan, Hassan Fatima, Hina Shaikh, Noor Malik, Hina Malik",78
266,67,Quantum Masters,"Zain Rehman, Hassan Raza, Bilal Malik",55
267,10,Data Innovators,"Fariha Saeed, Hassan Raza, Bilal Iqbal, Hassan Shaikh",41
268,28,Future Coders,"Hassan Shaikh, Ali Malik, Fatima Malik",81
269,77,Cyber Squad,"Fatima Raza, Zain Shaikh, Fatima Saeed",89
270,65,Data Warriors,"Saad Saeed, Fatima Shaikh, Zain Rehman",32
271,67,AI Coders,"Ali Ahmed, Maryam Rehman, Fariha Iqbal, Saad Rehman",69
272,69,Tech Crusaders,"Raza Raza, Fariha Iqbal, Maryam Rehman, Laiba Raza, Maryam Fatima",27
273,64,Code Innovators,"Ali Raza, Hassan Fatima, Laiba Fatima, Laiba Fatima",69
274,80,Robo Crusaders,"Bilal Iqbal, Hassan Iqbal, Raza Malik",49
275,70,Cyber Masters,"Laiba Ahmed, Fatima Fatima, Bilal Saeed",38
276,76,Future Innovators,"Hina Khan, Laiba Ahmed, Hina Saeed, Noor Siddiqui, Bilal Siddiqui",45
277,15,Smart Warriors,"Hassan Rehman, Fariha Siddiqui, Ayesha Iqbal, Maryam Fatima",2
278,35,Future Innovators,"Fatima Shaikh, Laiba Raza, Bilal Raza",13
279,9,Pixel Builders,"Ayesha Fatima, Ahmed Ahmed, Fariha Saeed, Raza Malik, Laiba Malik",28
280,9,Future Squad,"Zara Fatima, Hassan Saeed, Noor Iqbal, Saad Iqbal, Hina Saeed",53
281,75,Quantum Coders,"Fariha Shaikh, Fatima Fatima, Maryam Khan, Noor Rehman",24
282,84,Quantum Builders,"Bilal Ahmed, Saad Ahmed, Bilal Raza, Ahmed Saeed",45
283,94,AI Warriors,"Ali Fatima, Laiba Rehman, Raza Rehman, Maryam Fatima",89
284,86,Data Builders,"Ayesha Raza, Ahmed Siddiqui, Fatima Malik",38
285,67,Cyber Hackers,"Zain Raza, Raza Raza, Bilal Malik",54
286,29,Cyber Creators,"Ahmed Siddiqui, Bilal Ahmed, Ali Malik, Fariha Raza",81
287,99,Robo Innovators,"Saad Saeed, Fatima Saeed, Noor Ahmed, Noor Ahmed",42
288,90,Pixel Creators,"Saad Iqbal, Saad Khan, Saad Shaikh",95
289,85,AI Innovators,"Ali Ahmed, Ali Raza, Ayesha Ahmed, Ayesha Saeed, Noor Iqbal",37
290,100,Future Coders,"Bilal Raza, Noor Shaikh, Laiba Khan, Fariha Fatima, Ahmed Siddiqui",68
291,94,Smart Innovators,"Fatima Khan, Maryam Khan, Noor Iqbal, Fariha Khan, Ayesha Fatima",93
292,68,AI Masters,"Zara Khan, Maryam Malik, Bilal Malik",45
293,98,Pixel Warriors,"Raza Khan, Bilal Fatima, Fariha Fatima, Ayesha Ahmed, Zain Fatima",41
294,65,Data Warriors,"Maryam Shaikh, Ayesha Iqbal, Raza Fatima, Noor Malik",16
295,85,Quantum Innovators,"Fariha Fatima, Zain Malik, Fariha Fatima",14
296,73,Cyber Innovators,"Fariha Siddiqui, Ali Siddiqui, Ali Raza, Bilal Raza, Bilal Saeed",93
297,95,Future Creators,"Hina Raza, Noor Siddiqui, Fatima Rehman, Maryam Siddiqui",48
298,63,Cyber Titans,"Ayesha Raza, Saad Rehman, Ayesha Khan, Ahmed Saeed",98
299,85,Robo Innovators,"Noor Malik, Ali Ahmed, Fariha Siddiqui, Fariha Saeed, Zain Shaikh",17
300,40,Pixel Crusaders,"Laiba Khan, Ayesha Fatima, Noor Raza, Noor Raza",100
301,20,Data Titans,"Hassan Khan, Zain Rehman, Zara Shaikh, Ayesha Ahmed, Bilal Raza",19
302,55,Future Builders,"Ayesha Khan, Fatima Iqbal, Ayesha Shaikh, Ahmed Ahmed, Ali Fatima",77
303,53,Pixel Hackers,"Saad Saeed, Fatima Fatima, Bilal Iqbal",93
304,76,Pixel Crusaders,"Ayesha Rehman, Bilal Rehman, Noor Malik, Maryam Iqbal, Hina Ahmed",16
305,12,Robo Coders,"Zara Siddiqui, Zara Siddiqui, Laiba Shaikh, Ali Siddiqui, Hassan Rehman",81
306,99,Code Warriors,"Zara Raza, Ayesha Ahmed, Hina Fatima, Ali Raza, Fariha Khan",21
307,29,AI Builders,"Noor Siddiqui, Ali Khan, Hina Rehman, Zain Malik, Fariha Ahmed",33
308,67,Tech Builders,"Zain Khan, Laiba Rehman, Noor Saeed, Hina Saeed, Fatima Malik",41
309,56,Cyber Builders,"Ahmed Fatima, Ali Saeed, Bilal Malik, Zara Ahmed, Laiba Siddiqui",54
310,94,Cyber Masters,"Raza Saeed, Fariha Ahmed, Laiba Rehman, Zara Siddiqui, Raza Raza",50
311,64,Future Coders,"Ali Iqbal, Zara Raza, Zain Siddiqui, Saad Rehman, Ali Malik",25
312,30,Pixel Masters,"Ahmed Rehman, Noor Khan, Maryam Saeed, Raza Fatima, Hina Siddiqui",71
313,93,Future Hackers,"Bilal Saeed, Fariha Shaikh, Noor Fatima",79
314,59,Cyber Builders,"Zara Rehman, Maryam Rehman, Bilal Shaikh, Laiba Malik",5
315,57,Cyber Warriors,"Ahmed Saeed, Zara Khan, Noor Khan, Bilal Iqbal, Fariha Raza",74
316,48,Code Innovators,"Noor Saeed, Hassan Shaikh, Ali Iqbal",82
317,7,Tech Crusaders,"Noor Saeed, Raza Shaikh, Ahmed Khan, Fariha Rehman, Maryam Iqbal",48
318,27,Code Titans,"Hina Fatima, Hina Ahmed, Maryam Raza",44
319,60,Robo Crusaders,"Noor Shaikh, Hina Malik, Noor Siddiqui",64
320,95,Future Warriors,"Fariha Malik, Raza Fatima, Zara Khan, Ali Rehman",67
321,64,Quantum Coders,"Ali Raza, Fatima Siddiqui, Noor Khan, Hina Siddiqui",45
322,19,Data Masters,"Laiba Khan, Zara Siddiqui, Saad Raza, Zain Raza, Saad Ahmed",66
323,11,Robo Warriors,"Maryam Saeed, Noor Siddiqui, Fatima Saeed, Zara Fatima",8
324,2,Data Warriors,"Ali Malik, Fariha Khan, Raza Siddiqui",41
325,93,Cyber Hackers,"Saad Siddiqui, Raza Saeed, Ayesha Saeed",20
326,3,Pixel Titans,"Bilal Ahmed, Noor Siddiqui, Saad Rehman, Ahmed Malik",30
327,10,Code Titans,"Ali Siddiqui, Noor Raza, Raza Iqbal",30
328,87,AI Creators,"Raza Ahmed, Bilal Rehman, Raza Khan",52
329,29,Code Titans,"Maryam Ahmed, Noor Saeed, Zara Fatima, Fariha Shaikh, Bilal Siddiqui",39
330,25,Code Innovators,"Zain Raza, Bilal Fatima, Zara Siddiqui",94
331,33,Code Warriors,"Maryam Siddiqui, Ahmed Malik, Fariha Shaikh",54
332,20,Robo Warriors,"Zain Fatima, Zara Siddiqui, Noor Rehman",18
333,66,Data Masters,"Ali Raza, Ahmed Shaikh, Bilal Shaikh, Zara Saeed, Laiba Iqbal",61
334,47,Tech Creators,"Ahmed Ahmed, Maryam Fatima, Hina Malik, Zain Malik",83
335,60,Future Innovators,"Ahmed Siddiqui, Zain Raza, Saad Ahmed, Saad Malik, Laiba Ahmed",67
336,36,AI Builders,"Ali Saeed, Ayesha Raza, Hina Shaikh",99
337,53,Smart Coders,"Zain Raza, Ahmed Fatima, Raza Raza, Hassan Saeed, Saad Khan",73
338,31,Smart Builders,"Saad Siddiqui, Saad Iqbal, Noor Ahmed",59
339,16,Code Innovators,"Raza Ahmed, Bilal Ahmed, Zara Malik, Ahmed Shaikh",10
340,49,Data Innovators,"Maryam Saeed, Laiba Iqbal, Zara Raza",3
341,67,Cyber Crusaders,"Hassan Khan, Hassan Siddiqui, Bilal Khan, Hina Fatima",96
342,62,Quantum Masters,"Ayesha Raza, Saad Saeed, Ali Shaikh, Zain Fatima",56
343,75,Quantum Masters,"Noor Iqbal, Ayesha Shaikh, Raza Shaikh",93
344,56,Cyber Creators,"Bilal Raza, Fariha Saeed, Bilal Fatima, Laiba Khan",42
345,1,AI Masters,"Bilal Rehman, Bilal Shaikh, Raza Raza, Bilal Malik, Raza Rehman",50
346,17,Pixel Builders,"Zain Raza, Ayesha Fatima, Ayesha Rehman, Noor Iqbal, Zain Ahmed",3
347,61,Data Innovators,"Zain Ahmed, Hassan Malik, Fariha Shaikh, Zain Rehman, Noor Saeed",18
348,47,Robo Hackers,"Noor Raza, Laiba Rehman, Fatima Shaikh",43
349,65,Robo Innovators,"Ali Ahmed, Hassan Khan, Maryam Siddiqui",36
350,37,Cyber Creators,"Saad Iqbal, Fariha Ahmed, Ahmed Ahmed",15
351,11,Tech Warriors,"Saad Fatima, Bilal Rehman, Zain Khan",4
352,81,Quantum Masters,"Fatima Khan, Ahmed Malik, Ali Ahmed, Raza Iqbal",95
353,30,Robo Coders,"Bilal Shaikh, Hina Malik, Ali Saeed",66
354,48,Robo Hackers,"Ayesha Saeed, Bilal Saeed, Hina Rehman",43
355,82,Tech Crusaders,"Ahmed Saeed, Ahmed Siddiqui, Zain Shaikh, Hassan Shaikh",4
356,70,AI Warriors,"Ahmed Khan, Zain Malik, Fariha Khan",85
357,98,Tech Titans,"Raza Khan, Hina Siddiqui, Raza Malik",56
358,61,Smart Builders,"Bilal Saeed, Hassan Shaikh, Ahmed Khan, Ali Shaikh",52
359,61,Smart Warriors,"Ali Fatima, Fatima Rehman, Ahmed Iqbal",79
360,70,Pixel Innovators,"Ayesha Ahmed, Ali Saeed, Noor Raza, Raza Siddiqui, Noor Rehman",66
361,99,Code Titans,"Saad Malik, Ayesha Siddiqui, Raza Malik, Maryam Shaikh, Hina Shaikh",80
362,51,Pixel Warriors,"Fatima Malik, Noor Malik, Noor Saeed",62
363,68,AI Titans,"Hassan Rehman, Maryam Raza, Fatima Rehman, Saad Raza, Raza Fatima",42
364,60,Future Crusaders,"Fatima Ahmed, Bilal Fatima, Maryam Ahmed, Raza Siddiqui",91
365,14,Data Warriors,"Raza Shaikh, Noor Rehman, Ali Shaikh, Bilal Fatima",21
366,10,Robo Masters,"Ayesha Iqbal, Fariha Raza, Fariha Raza",57
367,31,Code Creators,"Noor Raza, Zara Raza, Fatima Raza, Ahmed Saeed, Raza Malik",49
368,38,Tech Squad,"Maryam Malik, Fatima Rehman, Saad Iqbal",2
369,95,Robo Builders,"Ali Siddiqui, Fariha Saeed, Bilal Fatima, Fariha Shaikh",24
370,45,Data Masters,"Maryam Rehman, Maryam Rehman, Laiba Ahmed",58
371,47,Smart Builders,"Maryam Raza, Raza Raza, Maryam Fatima, Ahmed Ahmed, Ali Malik",65
372,84,Future Coders,"Noor Ahmed, Ahmed Rehman, Laiba Ahmed, Ayesha Iqbal",3
373,47,Robo Coders,"Maryam Siddiqui, Hassan Shaikh, Laiba Siddiqui, Zara Ahmed, Noor Fatima",66
374,11,Robo Innovators,"Hassan Siddiqui, Hina Ahmed, Bilal Iqbal, Laiba Ahmed, Hina Fatima",2
375,82,Smart Warriors,"Fatima Rehman, Fariha Shaikh, Hassan Siddiqui",87
376,20,Data Innovators,"Zain Khan, Ahmed Shaikh, Noor Khan, Maryam Siddiqui, Hassan Siddiqui",53
377,27,Pixel Warriors,"Zain Siddiqui, Hassan Raza, Zain Siddiqui, Laiba Rehman",32
378,24,Quantum Builders,"Fariha Iqbal, Ayesha Fatima, Noor Malik, Ali Ahmed, Fatima Iqbal",34
379,26,Data Squad,"Fatima Saeed, Ayesha Fatima, Ali Raza",55
380,52,Robo Squad,"Laiba Raza, Hassan Shaikh, Ali Iqbal",69
381,80,AI Crusaders,"Raza Fatima, Ayesha Iqbal, Fariha Raza, Zain Fatima, Maryam Iqbal",54
382,14,Tech Warriors,"Ahmed Fatima, Ahmed Rehman, Ahmed Fatima, Fariha Raza",56
383,85,AI Warriors,"Zara Shaikh, Bilal Khan, Saad Siddiqui, Maryam Rehman, Zain Khan",11
384,17,Pixel Builders,"Ayesha Rehman, Hassan Raza, Laiba Fatima, Hassan Raza, Fariha Khan",42
385,50,Tech Innovators,"Fatima Ahmed, Zara Raza, Hina Siddiqui, Maryam Ahmed",94
386,18,Tech Squad,"Saad Shaikh, Zain Raza, Saad Iqbal, Saad Ahmed",69
387,7,Future Squad,"Hassan Ahmed, Ahmed Siddiqui, Raza Saeed, Zara Ahmed",58
388,4,Robo Innovators,"Ahmed Malik, Noor Rehman, Raza Rehman",69
389,67,Future Innovators,"Zara Iqbal, Hina Khan, Ahmed Malik, Fariha Rehman",8
390,50,Code Creators,"Noor Saeed, Ahmed Iqbal, Ali Raza",80
391,97,Robo Innovators,"Raza Saeed, Ali Saeed, Ali Khan, Ahmed Saeed, Saad Saeed",15
392,5,AI Builders,"Laiba Ahmed, Fariha Shaikh, Laiba Iqbal, Hina Siddiqui, Maryam Fatima",59
393,49,Data Coders,"Saad Khan, Bilal Siddiqui, Laiba Fatima",36
394,34,Robo Masters,"Zara Malik, Fariha Malik, Ayesha Shaikh, Bilal Shaikh",43
395,12,Cyber Titans,"Zain Iqbal, Ali Rehman, Bilal Raza, Hina Fatima",31
396,62,Data Coders,"Ayesha Rehman, Noor Shaikh, Hassan Fatima, Saad Iqbal",46
397,69,Cyber Warriors,"Ahmed Raza, Zara Iqbal, Fariha Ahmed, Zara Iqbal, Maryam Ahmed",76
398,42,Smart Coders,"Ali Iqbal, Hina Shaikh, Noor Shaikh, Hassan Shaikh",37
399,86,Pixel Masters,"Bilal Fatima, Noor Saeed, Fariha Raza, Noor Iqbal",40
400,49,Robo Warriors,"Maryam Saeed, Hassan Malik, Ali Fatima, Maryam Malik",90
401,26,Cyber Coders,"Fariha Fatima, Zain Khan, Raza Fatima, Bilal Saeed",13
402,97,Robo Creators,"Raza Malik, Ayesha Iqbal, Fatima Rehman",28
403,6,Smart Squad,"Bilal Raza, Ayesha Saeed, Laiba Siddiqui, Raza Iqbal",39
404,3,Data Masters,"Ayesha Khan, Bilal Shaikh, Hina Ahmed, Zara Ahmed",82
405,95,Tech Coders,"Noor Fatima, Noor Shaikh, Laiba Siddiqui",89
406,21,Quantum Titans,"Hina Ahmed, Zain Fatima, Ali Raza, Fatima Fatima",87
407,2,Data Innovators,"Ahmed Malik, Laiba Rehman, Ali Khan",13
408,35,Data Innovators,"Ali Ahmed, Hina Shaikh, Ahmed Rehman",69
409,31,Smart Crusaders,"Maryam Raza, Bilal Raza, Zara Malik, Hina Raza",47
410,17,Cyber Coders,"Hassan Ahmed, Saad Shaikh, Ali Khan",42
411,54,Future Builders,"Raza Rehman, Ahmed Shaikh, Bilal Raza",26
412,80,Cyber Squad,"Hina Shaikh, Zara Saeed, Laiba Saeed, Maryam Khan",81
413,13,Data Innovators,"Hina Shaikh, Zara Siddiqui, Noor Fatima",99
414,10,Tech Innovators,"Hina Siddiqui, Laiba Fatima, Fariha Saeed",93
415,77,Pixel Masters,"Ahmed Saeed, Hina Ahmed, Saad Ahmed, Zain Fatima, Saad Iqbal",15
416,70,Code Builders,"Hassan Malik, Bilal Fatima, Saad Rehman, Hina Rehman, Laiba Saeed",83
417,92,Data Coders,"Saad Khan, Saad Rehman, Laiba Iqbal, Zain Rehman",78
418,81,Cyber Hackers,"Zara Raza, Fariha Saeed, Bilal Iqbal",26
419,42,Code Squad,"Fariha Siddiqui, Zara Iqbal, Zain Fatima",8
420,80,Quantum Squad,"Ayesha Fatima, Bilal Raza, Saad Shaikh, Saad Khan, Zain Saeed",31
421,35,AI Builders,"Maryam Khan, Laiba Shaikh, Raza Khan, Zara Rehman",93
422,26,Data Warriors,"Maryam Ahmed, Fatima Ahmed, Hina Fatima",48
423,85,Quantum Coders,"Fariha Khan, Zain Siddiqui, Saad Shaikh, Zain Siddiqui, Ali Raza",63
424,81,Code Innovators,"Bilal Fatima, Laiba Ahmed, Raza Ahmed, Laiba Raza, Saad Fatima",83
425,66,Cyber Crusaders,"Raza Ahmed, Bilal Raza, Maryam Khan",36
426,34,Code Warriors,"Saad Rehman, Zara Fatima, Zain Fatima, Bilal Saeed, Laiba Saeed",75
427,17,Quantum Masters,"Fatima Khan, Fatima Siddiqui, Maryam Rehman",97
428,84,Tech Warriors,"Zara Khan, Maryam Shaikh, Laiba Shaikh",71
429,21,Tech Hackers,"Noor Siddiqui, Fariha Raza, Raza Malik",63
430,65,Tech Titans,"Fariha Siddiqui, Fariha Saeed, Hassan Saeed",50
431,97,AI Builders,"Fatima Ahmed, Hassan Malik, Laiba Iqbal, Ayesha Saeed",65
432,93,Future Masters,"Fatima Siddiqui, Fariha Malik, Hassan Shaikh, Bilal Saeed",23
433,16,Tech Squad,"Zara Rehman, Saad Rehman, Fatima Rehman, Noor Rehman",75
434,28,Quantum Crusaders,"Zara Fatima, Ali Siddiqui, Maryam Shaikh",47
435,47,Code Warriors,"Fariha Siddiqui, Zara Khan, Ali Siddiqui",74
436,21,Code Warriors,"Laiba Siddiqui, Bilal Saeed, Ahmed Malik, Bilal Rehman, Raza Malik",92
437,86,Smart Innovators,"Raza Saeed, Zain Khan, Ayesha Raza",31
438,100,Future Hackers,"Maryam Malik, Bilal Shaikh, Raza Ahmed",46
439,13,Cyber Creators,"Bilal Iqbal, Fariha Ahmed, Ahmed Malik, Ahmed Shaikh, Hina Saeed",64
440,95,Tech Creators,"Ayesha Shaikh, Saad Siddiqui, Hassan Iqbal",66
441,18,Smart Hackers,"Bilal Saeed, Hassan Khan, Noor Siddiqui, Ali Siddiqui",8
442,68,Tech Titans,"Hassan Shaikh, Maryam Shaikh, Bilal Fatima",48
443,72,Smart Masters,"Raza Ahmed, Ahmed Iqbal, Hassan Fatima, Bilal Rehman",31
444,98,Quantum Titans,"Ayesha Fatima, Saad Iqbal, Ayesha Raza",32
445,29,Pixel Hackers,"Hassan Ahmed, Ahmed Malik, Ahmed Khan",100
446,52,Pixel Hackers,"Fatima Saeed, Laiba Siddiqui, Maryam Malik, Hassan Rehman",95
447,37,Data Innovators,"Hassan Raza, Laiba Ahmed, Ali Fatima, Ahmed Saeed, Ayesha Raza",60
448,14,Pixel Crusaders,"Ayesha Siddiqui, Zara Ahmed, Bilal Siddiqui",62
449,99,Data Coders,"Ayesha Ahmed, Maryam Malik, Laiba Saeed",46
450,9,Robo Squad,"Fariha Fatima, Maryam Shaikh, Zain Rehman",18
451,86,Cyber Innovators,"Zara Raza, Maryam Khan, Raza Malik, Saad Siddiqui",2
452,47,Smart Crusaders,"Zara Ahmed, Ali Ahmed, Ayesha Malik, Fariha Shaikh",9
453,5,Future Creators,"Noor Khan, Fariha Malik, Ahmed Siddiqui",23
454,42,Smart Innovators,"Noor Ahmed, Ali Siddiqui, Noor Rehman",14
455,32,Smart Titans,"Ali Shaikh, Raza Saeed, Ahmed Shaikh, Bilal Rehman, Saad Saeed",87
456,13,Pixel Warriors,"Laiba Saeed, Ali Rehman, Ali Iqbal, Maryam Saeed, Hassan Shaikh",24
457,3,Tech Squad,"Bilal Raza, Zara Fatima, Hina Malik, Ali Malik, Ahmed Saeed",1
458,5,Data Creators,"Bilal Rehman, Ayesha Rehman, Ali Raza, Zain Shaikh",35
459,3,Quantum Coders,"Ahmed Shaikh, Hassan Siddiqui, Laiba Saeed",44
460,77,Pixel Creators,"Bilal Shaikh, Zara Shaikh, Ayesha Raza",51
461,41,Quantum Crusaders,"Saad Malik, Noor Shaikh, Zara Iqbal",68
462,77,Code Creators,"Ahmed Shaikh, Maryam Malik, Saad Saeed, Fatima Khan",18
463,72,Data Hackers,"Ali Ahmed, Raza Shaikh, Fariha Ahmed, Ayesha Shaikh, Zain Raza",1
464,16,Robo Warriors,"Fatima Malik, Saad Fatima, Raza Iqbal, Ali Siddiqui",78
465,46,Smart Titans,"Ali Iqbal, Fariha Fatima, Ali Saeed, Maryam Iqbal",47
466,59,Pixel Builders,"Ayesha Ahmed, Zara Saeed, Noor Iqbal",5
467,85,Tech Titans,"Ayesha Saeed, Zain Fatima, Fariha Rehman, Hina Malik, Maryam Khan",97
468,30,Code Masters,"Hina Iqbal, Fariha Iqbal, Hina Iqbal, Fatima Rehman",66
469,64,AI Titans,"Ahmed Fatima, Maryam Rehman, Zain Rehman",69
470,32,Robo Innovators,"Bilal Khan, Fariha Iqbal, Fariha Rehman, Bilal Shaikh",16
471,48,Data Creators,"Fatima Khan, Fariha Saeed, Hassan Ahmed",43
472,21,Robo Innovators,"Hassan Siddiqui, Ali Raza, Ahmed Raza, Hina Ahmed",41
473,77,Pixel Squad,"Ali Iqbal, Bilal Khan, Hassan Shaikh",64
474,5,Code Coders,"Ayesha Shaikh, Laiba Iqbal, Hassan Siddiqui, Hina Khan",12
475,93,Pixel Crusaders,"Saad Raza, Hina Fatima, Ahmed Fatima, Ayesha Fatima",4
476,56,Smart Crusaders,"Fariha Raza, Fatima Malik, Fariha Ahmed",95
477,15,Smart Squad,"Hassan Khan, Fariha Siddiqui, Zara Rehman",80
478,54,Data Hackers,"Ayesha Malik, Ahmed Khan, Zain Raza",95
479,99,Smart Hackers,"Noor Saeed, Zara Shaikh, Raza Iqbal",6
480,3,Robo Builders,"Ali Shaikh, Fatima Raza, Hassan Siddiqui, Laiba Fatima, Laiba Khan",89
481,12,Quantum Squad,"Raza Ahmed, Hina Malik, Ahmed Saeed, Fatima Malik",95
482,3,Pixel Squad,"Hassan Ahmed, Fatima Malik, Fatima Malik",69
483,31,Future Squad,"Hassan Fatima, Saad Khan, Saad Fatima, Zain Shaikh",64
484,88,AI Coders,"Raza Saeed, Hina Ahmed, Zara Khan, Ayesha Ahmed, Raza Raza",64
485,100,AI Masters,"Zara Ahmed, Raza Rehman, Hina Malik, Ahmed Ahmed, Noor Shaikh",83
486,71,AI Builders,"Zain Shaikh, Saad Khan, Maryam Rehman",83
487,67,Pixel Hackers,"Raza Khan, Zain Ahmed, Ali Saeed",62
488,65,Robo Masters,"Zara Malik, Fatima Shaikh, Bilal Ahmed, Zain Ahmed, Ayesha Raza",55
489,54,Data Crusaders,"Zara Iqbal, Raza Raza, Zain Saeed, Laiba Shaikh",97
490,9,Cyber Coders,"Zara Fatima, Bilal Saeed, Fariha Ahmed, Ahmed Siddiqui",31
491,28,Data Warriors,"Hassan Khan, Laiba Saeed, Noor Ahmed",8
492,27,AI Coders,"Zara Rehman, Hina Fatima, Saad Fatima, Maryam Saeed, Laiba Raza",17
493,88,Smart Masters,"Ahmed Saeed, Saad Siddiqui, Zara Khan, Saad Iqbal",75
494,100,AI Warriors,"Maryam Fatima, Bilal Siddiqui, Ahmed Siddiqui, Bilal Malik",97
495,93,Pixel Titans,"Bilal Khan, Ahmed Raza, Maryam Shaikh, Fatima Malik, Ayesha Siddiqui",83
496,31,Code Squad,"Ali Shaikh, Laiba Saeed, Hina Saeed",5
497,35,Pixel Warriors,"Fatima Raza, Noor Malik, Saad Siddiqui, Hassan Ahmed",42
498,43,Code Titans,"Saad Fatima, Noor Fatima, Laiba Saeed, Ahmed Malik, Fariha Raza",97
499,61,Smart Titans,"Ayesha Malik, Zara Shaikh, Ahmed Siddiqui, Ayesha Khan",47
500,3,Robo Squad,"Noor Khan, Zara Raza, Zain Ahmed, Raza Iqbal",49
501,100,Code Crusaders,"Fariha Siddiqui, Laiba Raza, Hina Rehman, Noor Iqbal, Maryam Ahmed",78
502,88,Pixel Innovators,"Saad Ahmed, Ayesha Siddiqui, Hina Malik, Bilal Raza",44
503,29,Quantum Squad,"Ahmed Khan, Hassan Rehman, Saad Raza, Maryam Saeed",41
504,90,Cyber Coders,"Zara Khan, Hassan Siddiqui, Fatima Iqbal",2
505,41,Data Hackers,"Hina Raza, Ahmed Khan, Saad Malik",21
506,75,Robo Squad,"Ali Iqbal, Ali Raza, Noor Iqbal, Ayesha Khan, Zara Saeed",14
507,55,Quantum Warriors,"Zain Rehman, Raza Saeed, Zara Fatima",98
508,55,Data Warriors,"Fariha Ahmed, Zara Saeed, Fariha Khan, Bilal Khan",19
509,67,AI Innovators,"Ayesha Rehman, Fatima Malik, Zara Ahmed",4
510,11,Data Creators,"Zain Ahmed, Raza Fatima, Ayesha Rehman, Laiba Saeed",76
511,2,Quantum Titans,"Fariha Raza, Hina Rehman, Fariha Saeed, Zara Shaikh",86
512,26,Smart Builders,"Zain Rehman, Zara Iqbal, Hassan Iqbal",70
513,26,Smart Titans,"Ayesha Saeed, Ayesha Iqbal, Fatima Iqbal, Ali Rehman, Zara Fatima",40
514,70,Quantum Builders,"Fatima Rehman, Saad Shaikh, Raza Saeed, Raza Rehman, Zara Shaikh",8
515,62,Data Hackers,"Noor Siddiqui, Ahmed Iqbal, Noor Malik, Hina Ahmed, Hina Raza",13
516,68,Robo Builders,"Saad Fatima, Maryam Fatima, Ahmed Rehman, Zain Raza",2
517,78,AI Masters,"Ali Siddiqui, Zain Ahmed, Zain Malik",93
518,97,Quantum Creators,"Raza Siddiqui, Laiba Shaikh, Hassan Iqbal, Laiba Iqbal, Fariha Malik",45
519,12,Cyber Squad,"Ahmed Rehman, Zara Iqbal, Ahmed Fatima, Fariha Raza",24
520,13,Smart Warriors,"Hassan Shaikh, Fariha Saeed, Laiba Khan, Zain Rehman",64
521,67,Robo Masters,"Zara Rehman, Fatima Siddiqui, Saad Rehman, Maryam Fatima, Laiba Fatima",86
522,84,AI Masters,"Noor Fatima, Ali Raza, Maryam Ahmed, Ayesha Shaikh, Maryam Malik",30
523,98,Quantum Titans,"Hina Malik, Saad Iqbal, Zara Ahmed, Laiba Saeed, Saad Khan",2
524,14,Future Builders,"Fatima Siddiqui, Noor Khan, Ali Malik, Ali Ahmed",100
525,97,Cyber Hackers,"Hina Iqbal, Ayesha Rehman, Ali Malik",49
526,87,Cyber Creators,"Ahmed Ahmed, Zain Malik, Ahmed Siddiqui, Ali Shaikh",29
527,92,Code Titans,"Fatima Khan, Hassan Ahmed, Noor Raza, Hina Malik, Ahmed Khan",57
528,27,Quantum Warriors,"Ahmed Ahmed, Fatima Saeed, Laiba Fatima, Ahmed Fatima, Ayesha Saeed",9
529,60,Pixel Coders,"Laiba Fatima, Hassan Shaikh, Fatima Rehman, Noor Iqbal",83
530,23,AI Hackers,"Hina Ahmed, Ahmed Raza, Laiba Siddiqui, Zara Malik, Fatima Siddiqui",51
531,49,Code Coders,"Noor Malik, Noor Malik, Maryam Siddiqui, Ahmed Raza, Zara Shaikh",98
532,57,Tech Innovators,"Raza Siddiqui, Zain Khan, Zain Saeed, Fariha Khan, Bilal Siddiqui",54
533,90,Smart Warriors,"Fatima Rehman, Ali Raza, Hassan Khan, Noor Raza, Ahmed Saeed",78
534,94,Cyber Crusaders,"Hassan Iqbal, Fariha Saeed, Zain Rehman, Hina Rehman",68
535,32,Future Crusaders,"Zain Ahmed, Hassan Khan, Fariha Saeed, Zain Ahmed, Fatima Iqbal",76
536,35,Quantum Coders,"Raza Khan, Laiba Siddiqui, Hina Ahmed, Fatima Ahmed",20
537,24,Pixel Titans,"Raza Shaikh, Noor Rehman, Raza Raza, Noor Iqbal, Bilal Siddiqui",66
538,23,Quantum Creators,"Ali Fatima, Zain Malik, Fatima Malik",6
539,79,Smart Masters,"Zain Rehman, Fariha Raza, Zain Fatima",17
540,81,Data Titans,"Zain Shaikh, Raza Khan, Noor Iqbal, Hina Shaikh",56
541,22,Pixel Crusaders,"Hassan Rehman, Maryam Fatima, Fatima Saeed, Ali Malik, Ali Shaikh",67
542,21,Robo Crusaders,"Hina Ahmed, Hina Shaikh, Laiba Siddiqui, Hassan Rehman, Noor Iqbal",43
543,74,Cyber Masters,"Ali Raza, Ali Raza, Fariha Shaikh, Ayesha Ahmed",14
544,14,Data Masters,"Ayesha Malik, Fatima Malik, Bilal Iqbal",9
545,90,Tech Hackers,"Hina Fatima, Hassan Khan, Zara Ahmed, Hassan Siddiqui, Ali Ahmed",9
546,29,Robo Innovators,"Bilal Iqbal, Saad Rehman, Laiba Saeed, Ayesha Fatima, Bilal Raza",3
547,72,Future Creators,"Fariha Iqbal, Ahmed Ahmed, Ahmed Siddiqui, Maryam Rehman",99
548,89,Robo Innovators,"Bilal Raza, Ayesha Malik, Ali Raza",98
549,77,AI Innovators,"Zara Raza, Raza Raza, Ahmed Rehman, Hina Malik, Ayesha Rehman",33
550,90,AI Innovators,"Fatima Khan, Laiba Raza, Hassan Malik, Raza Malik",80
551,82,Cyber Coders,"Noor Shaikh, Hina Rehman, Noor Saeed, Ahmed Iqbal",13
552,28,Pixel Creators,"Noor Siddiqui, Saad Fatima, Bilal Siddiqui",49
553,75,Quantum Builders,"Ayesha Siddiqui, Maryam Iqbal, Maryam Ahmed, Saad Malik",1
554,53,Tech Titans,"Hina Fatima, Ali Rehman, Raza Khan",81
555,70,Smart Innovators,"Hina Fatima, Maryam Ahmed, Laiba Raza, Ali Rehman",2
556,34,Robo Titans,"Zara Ahmed, Noor Saeed, Bilal Raza, Fatima Siddiqui, Fariha Shaikh",97
557,65,Code Innovators,"Bilal Malik, Laiba Siddiqui, Zara Rehman",86
558,34,AI Innovators,"Ahmed Siddiqui, Zain Raza, Saad Saeed",67
559,85,Cyber Innovators,"Ayesha Raza, Raza Malik, Zara Fatima, Ayesha Rehman, Zain Ahmed",55
560,24,Data Warriors,"Saad Siddiqui, Ayesha Iqbal, Maryam Malik, Ahmed Iqbal",85
561,67,Quantum Titans,"Ayesha Malik, Fatima Siddiqui, Hassan Rehman, Saad Raza",22
562,41,Robo Innovators,"Noor Malik, Ali Rehman, Noor Saeed, Ayesha Siddiqui",34
563,42,Future Innovators,"Ayesha Rehman, Fariha Raza, Bilal Fatima, Fariha Iqbal",50
564,55,Cyber Warriors,"Bilal Shaikh, Fatima Iqbal, Fatima Raza",71
565,44,Cyber Hackers,"Ahmed Khan, Ali Khan, Zain Fatima, Ahmed Fatima, Laiba Rehman",92
566,34,Code Hackers,"Bilal Fatima, Saad Khan, Zain Iqbal, Fariha Rehman, Zain Ahmed",60
567,94,AI Coders,"Zain Rehman, Laiba Raza, Zara Shaikh",78
568,11,AI Masters,"Saad Fatima, Ali Iqbal, Maryam Ahmed",1
569,100,Data Creators,"Hina Malik, Raza Fatima, Raza Saeed, Noor Ahmed",19
570,2,AI Builders,"Bilal Siddiqui, Saad Khan, Hina Iqbal, Zara Fatima",55
571,43,Smart Innovators,"Noor Ahmed, Zara Malik, Raza Iqbal, Hassan Raza",15
572,2,AI Squad,"Noor Malik, Bilal Iqbal, Saad Siddiqui, Raza Iqbal, Saad Raza",3
573,33,Tech Creators,"Saad Malik, Zain Siddiqui, Maryam Saeed, Ayesha Rehman",48
574,83,Future Innovators,"Maryam Ahmed, Raza Saeed, Laiba Ahmed",37
575,89,Cyber Crusaders,"Noor Saeed, Ahmed Iqbal, Bilal Khan, Fatima Ahmed, Saad Iqbal",88
576,47,Cyber Coders,"Fariha Malik, Raza Raza, Bilal Siddiqui, Fariha Khan, Zara Raza",44
577,88,Cyber Coders,"Bilal Khan, Ahmed Saeed, Zain Khan",45
578,69,Robo Innovators,"Noor Fatima, Fariha Khan, Ali Ahmed, Hina Saeed, Noor Siddiqui",86
579,33,Tech Warriors,"Ahmed Iqbal, Hassan Saeed, Ahmed Raza",27
580,16,Pixel Builders,"Laiba Siddiqui, Fatima Raza, Ali Siddiqui",36
581,61,Data Coders,"Bilal Siddiqui, Raza Fatima, Saad Ahmed",67
582,52,AI Warriors,"Bilal Rehman, Hina Saeed, Ahmed Ahmed, Fariha Rehman, Zara Khan",33
583,81,Quantum Creators,"Ali Iqbal, Hina Saeed, Zara Siddiqui, Zain Fatima",40
584,1,Quantum Warriors,"Bilal Khan, Saad Malik, Ali Raza",7
585,22,Robo Squad,"Hassan Khan, Noor Iqbal, Saad Iqbal, Bilal Shaikh, Hina Fatima",55
586,14,Tech Hackers,"Saad Siddiqui, Saad Saeed, Saad Khan, Laiba Saeed",38
587,28,Smart Squad,"Zara Fatima, Noor Ahmed, Fariha Raza, Zara Rehman, Hassan Rehman",18
588,84,AI Hackers,"Hina Shaikh, Fatima Iqbal, Bilal Siddiqui, Bilal Fatima, Bilal Siddiqui",56
589,71,Data Hackers,"Ali Malik, Raza Ahmed, Hassan Fatima",78
590,78,Data Warriors,"Noor Raza, Laiba Rehman, Hina Rehman, Ahmed Iqbal, Ali Shaikh",84
591,14,Tech Titans,"Laiba Shaikh, Zara Khan, Maryam Siddiqui, Noor Malik, Zara Iqbal",34
592,30,Cyber Builders,"Maryam Iqbal, Ahmed Khan, Fatima Malik, Bilal Rehman",34
593,70,Future Masters,"Fariha Iqbal, Maryam Rehman, Hassan Malik, Fariha Raza, Maryam Malik",14
594,23,Pixel Creators,"Noor Shaikh, Ayesha Siddiqui, Noor Saeed, Fatima Siddiqui, Raza Fatima",78
595,26,Smart Warriors,"Ayesha Siddiqui, Zain Fatima, Raza Saeed",5
596,56,Tech Coders,"Bilal Raza, Zara Ahmed, Fatima Rehman, Ayesha Rehman, Hassan Saeed",82
597,38,Quantum Builders,"Ali Siddiqui, Raza Ahmed, Ahmed Khan, Hina Malik",18
598,10,Cyber Warriors,"Raza Shaikh, Ali Ahmed, Bilal Shaikh, Noor Saeed, Raza Rehman",100
599,33,AI Crusaders,"Ali Iqbal, Bilal Rehman, Maryam Shaikh, Raza Shaikh",12
600,70,Tech Creators,"Ali Fatima, Ahmed Shaikh, Zara Iqbal, Raza Shaikh",58
